id,firstname,lastname,email,email2,profession
100,Rayna,Knowling,Rayna.Knowling@yopmail.com,Rayna.Knowling@gmail.com,doctor
101,Daryl,Bates,Daryl.Bates@yopmail.com,Daryl.Bates@gmail.com,police officer
102,Justinn,An,Justinn.An@yopmail.com,Justinn.An@gmail.com,worker
103,Tersina,Fancie,Tersina.Fancie@yopmail.com,Tersina.Fancie@gmail.com,doctor
104,Mallory,Germann,Mallory.Germann@yopmail.com,Mallory.Germann@gmail.com,developer
105,Janey,Wadell,Janey.Wadell@yopmail.com,Janey.Wadell@gmail.com,firefighter
106,Kamilah,Cohdwell,Kamilah.Cohdwell@yopmail.com,Kamilah.Cohdwell@gmail.com,police officer
107,Ayn,Kosey,Ayn.Kosey@yopmail.com,Ayn.Kosey@gmail.com,doctor
108,Jany,Rosette,Jany.Rosette@yopmail.com,Jany.Rosette@gmail.com,firefighter
109,Kirstin,Kellby,Kirstin.Kellby@yopmail.com,Kirstin.Kellby@gmail.com,worker
110,Mellicent,LaRue,Mellicent.LaRue@yopmail.com,Mellicent.LaRue@gmail.com,developer
111,Modestia,Felecia,Modestia.Felecia@yopmail.com,Modestia.Felecia@gmail.com,police officer
112,Mellicent,Medrek,Mellicent.Medrek@yopmail.com,Mellicent.Medrek@gmail.com,developer
113,Merrie,Mendez,Merrie.Mendez@yopmail.com,Merrie.Mendez@gmail.com,police officer
114,Ermengarde,Iiette,Ermengarde.Iiette@yopmail.com,Ermengarde.Iiette@gmail.com,police officer
115,Selia,Schwejda,Selia.Schwejda@yopmail.com,Selia.Schwejda@gmail.com,developer
116,Amelia,Kirbee,Amelia.Kirbee@yopmail.com,Amelia.Kirbee@gmail.com,firefighter
117,Arlina,Weide,Arlina.Weide@yopmail.com,Arlina.Weide@gmail.com,police officer
118,Vinita,Wilona,Vinita.Wilona@yopmail.com,Vinita.Wilona@gmail.com,worker
119,Pearline,Rudolph,Pearline.Rudolph@yopmail.com,Pearline.Rudolph@gmail.com,firefighter
120,Ardeen,Persse,Ardeen.Persse@yopmail.com,Ardeen.Persse@gmail.com,developer
121,Shauna,Donoghue,Shauna.Donoghue@yopmail.com,Shauna.Donoghue@gmail.com,developer
122,Danika,Faso,Danika.Faso@yopmail.com,Danika.Faso@gmail.com,firefighter
123,Jaime,Saint,Jaime.Saint@yopmail.com,Jaime.Saint@gmail.com,developer
124,Stephanie,Cyrie,Stephanie.Cyrie@yopmail.com,Stephanie.Cyrie@gmail.com,firefighter
125,Lexine,Baptlsta,Lexine.Baptlsta@yopmail.com,Lexine.Baptlsta@gmail.com,worker
126,Juliane,Lenny,Juliane.Lenny@yopmail.com,Juliane.Lenny@gmail.com,firefighter
127,Gloria,Eugenia,Gloria.Eugenia@yopmail.com,Gloria.Eugenia@gmail.com,doctor
128,Ketti,Toni,Ketti.Toni@yopmail.com,Ketti.Toni@gmail.com,developer
129,Marcelline,Malanie,Marcelline.Malanie@yopmail.com,Marcelline.Malanie@gmail.com,police officer
130,Nananne,Secrest,Nananne.Secrest@yopmail.com,Nananne.Secrest@gmail.com,developer
131,Lesly,Aprile,Lesly.Aprile@yopmail.com,Lesly.Aprile@gmail.com,developer
132,Pierette,LaRue,Pierette.LaRue@yopmail.com,Pierette.LaRue@gmail.com,doctor
133,Shaine,Eldrid,Shaine.Eldrid@yopmail.com,Shaine.Eldrid@gmail.com,developer
134,Ericka,Whittaker,Ericka.Whittaker@yopmail.com,Ericka.Whittaker@gmail.com,developer
135,Chastity,Israeli,Chastity.Israeli@yopmail.com,Chastity.Israeli@gmail.com,developer
136,Dulce,Breed,Dulce.Breed@yopmail.com,Dulce.Breed@gmail.com,doctor
137,Dolli,Robertson,Dolli.Robertson@yopmail.com,Dolli.Robertson@gmail.com,worker
138,Annecorinne,Maisey,Annecorinne.Maisey@yopmail.com,Annecorinne.Maisey@gmail.com,doctor
139,Cassondra,Niccolo,Cassondra.Niccolo@yopmail.com,Cassondra.Niccolo@gmail.com,police officer
140,Gerianna,Wadell,Gerianna.Wadell@yopmail.com,Gerianna.Wadell@gmail.com,developer
141,Blondelle,Baudin,Blondelle.Baudin@yopmail.com,Blondelle.Baudin@gmail.com,police officer
142,Cam,Claudine,Cam.Claudine@yopmail.com,Cam.Claudine@gmail.com,worker
143,Yvonne,Ranjiv,Yvonne.Ranjiv@yopmail.com,Yvonne.Ranjiv@gmail.com,developer
144,Aeriela,Keily,Aeriela.Keily@yopmail.com,Aeriela.Keily@gmail.com,firefighter
145,Dominga,Parette,Dominga.Parette@yopmail.com,Dominga.Parette@gmail.com,police officer
146,Melanie,Drus,Melanie.Drus@yopmail.com,Melanie.Drus@gmail.com,doctor
147,Charlena,Blisse,Charlena.Blisse@yopmail.com,Charlena.Blisse@gmail.com,firefighter
148,Pamella,Abbot,Pamella.Abbot@yopmail.com,Pamella.Abbot@gmail.com,firefighter
149,Bertine,Nisbet,Bertine.Nisbet@yopmail.com,Bertine.Nisbet@gmail.com,developer
150,Minne,Amand,Minne.Amand@yopmail.com,Minne.Amand@gmail.com,doctor
151,Bettine,Dudley,Bettine.Dudley@yopmail.com,Bettine.Dudley@gmail.com,doctor
152,Liana,Colleen,Liana.Colleen@yopmail.com,Liana.Colleen@gmail.com,police officer
153,Dorthy,Kauppi,Dorthy.Kauppi@yopmail.com,Dorthy.Kauppi@gmail.com,worker
154,Netty,Weide,Netty.Weide@yopmail.com,Netty.Weide@gmail.com,doctor
155,Susette,Thema,Susette.Thema@yopmail.com,Susette.Thema@gmail.com,firefighter
156,Genevra,Sadowski,Genevra.Sadowski@yopmail.com,Genevra.Sadowski@gmail.com,firefighter
157,Corene,Atcliffe,Corene.Atcliffe@yopmail.com,Corene.Atcliffe@gmail.com,police officer
158,Cam,Stephie,Cam.Stephie@yopmail.com,Cam.Stephie@gmail.com,firefighter
159,Kenna,Herrera,Kenna.Herrera@yopmail.com,Kenna.Herrera@gmail.com,doctor
160,Flo,Raffo,Flo.Raffo@yopmail.com,Flo.Raffo@gmail.com,worker
161,Alameda,Oster,Alameda.Oster@yopmail.com,Alameda.Oster@gmail.com,doctor
162,Nataline,Knowling,Nataline.Knowling@yopmail.com,Nataline.Knowling@gmail.com,doctor
163,Merle,Calhoun,Merle.Calhoun@yopmail.com,Merle.Calhoun@gmail.com,doctor
164,Merci,Kevon,Merci.Kevon@yopmail.com,Merci.Kevon@gmail.com,doctor
165,Orsola,Raychel,Orsola.Raychel@yopmail.com,Orsola.Raychel@gmail.com,doctor
166,Alyssa,Cottle,Alyssa.Cottle@yopmail.com,Alyssa.Cottle@gmail.com,firefighter
167,Ursulina,Bord,Ursulina.Bord@yopmail.com,Ursulina.Bord@gmail.com,doctor
168,Nadine,Wilona,Nadine.Wilona@yopmail.com,Nadine.Wilona@gmail.com,worker
169,Frances,Sinegold,Frances.Sinegold@yopmail.com,Frances.Sinegold@gmail.com,developer
170,Robbi,Alejoa,Robbi.Alejoa@yopmail.com,Robbi.Alejoa@gmail.com,firefighter
171,Agnese,Desai,Agnese.Desai@yopmail.com,Agnese.Desai@gmail.com,worker
172,Adriana,Gabrielli,Adriana.Gabrielli@yopmail.com,Adriana.Gabrielli@gmail.com,worker
173,Lanae,Bevin,Lanae.Bevin@yopmail.com,Lanae.Bevin@gmail.com,worker
174,Nananne,Trinetta,Nananne.Trinetta@yopmail.com,Nananne.Trinetta@gmail.com,firefighter
175,Blinni,Fulmer,Blinni.Fulmer@yopmail.com,Blinni.Fulmer@gmail.com,developer
176,Chrystel,Pond,Chrystel.Pond@yopmail.com,Chrystel.Pond@gmail.com,doctor
177,Barbara,Ader,Barbara.Ader@yopmail.com,Barbara.Ader@gmail.com,police officer
178,Eolanda,Roscoe,Eolanda.Roscoe@yopmail.com,Eolanda.Roscoe@gmail.com,police officer
179,Kenna,Phi,Kenna.Phi@yopmail.com,Kenna.Phi@gmail.com,police officer
180,Belinda,O'Carroll,Belinda.O'Carroll@yopmail.com,Belinda.O'Carroll@gmail.com,doctor
181,Fred,Merat,Fred.Merat@yopmail.com,Fred.Merat@gmail.com,police officer
182,Lynde,Kellby,Lynde.Kellby@yopmail.com,Lynde.Kellby@gmail.com,doctor
183,Philis,Koehler,Philis.Koehler@yopmail.com,Philis.Koehler@gmail.com,doctor
184,Margarette,Amethist,Margarette.Amethist@yopmail.com,Margarette.Amethist@gmail.com,firefighter
185,Daryl,Gaspard,Daryl.Gaspard@yopmail.com,Daryl.Gaspard@gmail.com,worker
186,Starla,Fulmer,Starla.Fulmer@yopmail.com,Starla.Fulmer@gmail.com,police officer
187,Carlie,Joseph,Carlie.Joseph@yopmail.com,Carlie.Joseph@gmail.com,worker
188,Mallory,Eugenia,Mallory.Eugenia@yopmail.com,Mallory.Eugenia@gmail.com,developer
189,Konstance,Noam,Konstance.Noam@yopmail.com,Konstance.Noam@gmail.com,police officer
190,Tiffie,Genna,Tiffie.Genna@yopmail.com,Tiffie.Genna@gmail.com,doctor
191,Bobbi,Joeann,Bobbi.Joeann@yopmail.com,Bobbi.Joeann@gmail.com,police officer
192,Almeta,Muriel,Almeta.Muriel@yopmail.com,Almeta.Muriel@gmail.com,police officer
193,Queenie,Niles,Queenie.Niles@yopmail.com,Queenie.Niles@gmail.com,police officer
194,Henriette,Madox,Henriette.Madox@yopmail.com,Henriette.Madox@gmail.com,worker
195,Sybille,Lucienne,Sybille.Lucienne@yopmail.com,Sybille.Lucienne@gmail.com,doctor
196,Phylis,Loring,Phylis.Loring@yopmail.com,Phylis.Loring@gmail.com,doctor
197,Lelah,Noelyn,Lelah.Noelyn@yopmail.com,Lelah.Noelyn@gmail.com,worker
198,Kerrin,O'Carroll,Kerrin.O'Carroll@yopmail.com,Kerrin.O'Carroll@gmail.com,police officer
199,Britni,Elsinore,Britni.Elsinore@yopmail.com,Britni.Elsinore@gmail.com,police officer
200,Lynde,Ade,Lynde.Ade@yopmail.com,Lynde.Ade@gmail.com,police officer
201,Rochette,Plato,Rochette.Plato@yopmail.com,Rochette.Plato@gmail.com,police officer
202,Sheree,Pip,Sheree.Pip@yopmail.com,Sheree.Pip@gmail.com,firefighter
203,Coral,Tarrant,Coral.Tarrant@yopmail.com,Coral.Tarrant@gmail.com,police officer
204,Lelah,Wooster,Lelah.Wooster@yopmail.com,Lelah.Wooster@gmail.com,developer
205,Jessamyn,Ax,Jessamyn.Ax@yopmail.com,Jessamyn.Ax@gmail.com,police officer
206,Brooks,Ventre,Brooks.Ventre@yopmail.com,Brooks.Ventre@gmail.com,police officer
207,Lita,Albertine,Lita.Albertine@yopmail.com,Lita.Albertine@gmail.com,developer
208,Teddie,Lubin,Teddie.Lubin@yopmail.com,Teddie.Lubin@gmail.com,police officer
209,Chickie,Ingra,Chickie.Ingra@yopmail.com,Chickie.Ingra@gmail.com,developer
210,Kimmy,Vary,Kimmy.Vary@yopmail.com,Kimmy.Vary@gmail.com,police officer
211,Sheree,Kelula,Sheree.Kelula@yopmail.com,Sheree.Kelula@gmail.com,firefighter
212,Florencia,Arathorn,Florencia.Arathorn@yopmail.com,Florencia.Arathorn@gmail.com,police officer
213,Sam,Graig,Sam.Graig@yopmail.com,Sam.Graig@gmail.com,worker
214,Ricky,Monk,Ricky.Monk@yopmail.com,Ricky.Monk@gmail.com,developer
215,Mellicent,Barrus,Mellicent.Barrus@yopmail.com,Mellicent.Barrus@gmail.com,firefighter
216,Zondra,Boycey,Zondra.Boycey@yopmail.com,Zondra.Boycey@gmail.com,developer
217,Ofilia,Maiah,Ofilia.Maiah@yopmail.com,Ofilia.Maiah@gmail.com,developer
218,Hayley,Bigner,Hayley.Bigner@yopmail.com,Hayley.Bigner@gmail.com,developer
219,Joeann,Leffen,Joeann.Leffen@yopmail.com,Joeann.Leffen@gmail.com,developer
220,Deloria,Ogren,Deloria.Ogren@yopmail.com,Deloria.Ogren@gmail.com,worker
221,Kenna,Howlyn,Kenna.Howlyn@yopmail.com,Kenna.Howlyn@gmail.com,police officer
222,Alex,Delp,Alex.Delp@yopmail.com,Alex.Delp@gmail.com,police officer
223,Latisha,Cohdwell,Latisha.Cohdwell@yopmail.com,Latisha.Cohdwell@gmail.com,doctor
224,Johna,Bearnard,Johna.Bearnard@yopmail.com,Johna.Bearnard@gmail.com,worker
225,Aurore,Tomasina,Aurore.Tomasina@yopmail.com,Aurore.Tomasina@gmail.com,police officer
226,Marylou,Fabiola,Marylou.Fabiola@yopmail.com,Marylou.Fabiola@gmail.com,police officer
227,Silvana,Gahl,Silvana.Gahl@yopmail.com,Silvana.Gahl@gmail.com,doctor
228,Elbertina,Rebecka,Elbertina.Rebecka@yopmail.com,Elbertina.Rebecka@gmail.com,firefighter
229,Therine,Pierette,Therine.Pierette@yopmail.com,Therine.Pierette@gmail.com,worker
230,Ottilie,Egbert,Ottilie.Egbert@yopmail.com,Ottilie.Egbert@gmail.com,developer
231,Jackie,Buffum,Jackie.Buffum@yopmail.com,Jackie.Buffum@gmail.com,worker
232,Nadine,Willie,Nadine.Willie@yopmail.com,Nadine.Willie@gmail.com,worker
233,Ketti,Phi,Ketti.Phi@yopmail.com,Ketti.Phi@gmail.com,police officer
234,Ruthe,Dyche,Ruthe.Dyche@yopmail.com,Ruthe.Dyche@gmail.com,police officer
235,Donetta,Baylor,Donetta.Baylor@yopmail.com,Donetta.Baylor@gmail.com,worker
236,Kate,Durante,Kate.Durante@yopmail.com,Kate.Durante@gmail.com,worker
237,Konstance,Sholley,Konstance.Sholley@yopmail.com,Konstance.Sholley@gmail.com,doctor
238,Minne,Toffic,Minne.Toffic@yopmail.com,Minne.Toffic@gmail.com,police officer
239,Meg,Cordi,Meg.Cordi@yopmail.com,Meg.Cordi@gmail.com,police officer
240,Karlee,Seagraves,Karlee.Seagraves@yopmail.com,Karlee.Seagraves@gmail.com,firefighter
241,Laure,Firmin,Laure.Firmin@yopmail.com,Laure.Firmin@gmail.com,police officer
242,Maridel,Dudley,Maridel.Dudley@yopmail.com,Maridel.Dudley@gmail.com,worker
243,Hannis,Sallyann,Hannis.Sallyann@yopmail.com,Hannis.Sallyann@gmail.com,doctor
244,Hallie,Lareena,Hallie.Lareena@yopmail.com,Hallie.Lareena@gmail.com,police officer
245,Carol-Jean,Denis,Carol-Jean.Denis@yopmail.com,Carol-Jean.Denis@gmail.com,police officer
246,Katleen,Zrike,Katleen.Zrike@yopmail.com,Katleen.Zrike@gmail.com,police officer
247,Eugine,Malina,Eugine.Malina@yopmail.com,Eugine.Malina@gmail.com,police officer
248,Dorthy,Adlare,Dorthy.Adlare@yopmail.com,Dorthy.Adlare@gmail.com,worker
249,Elena,Berne,Elena.Berne@yopmail.com,Elena.Berne@gmail.com,worker
250,Josephine,Haerr,Josephine.Haerr@yopmail.com,Josephine.Haerr@gmail.com,firefighter
251,Frieda,Merat,Frieda.Merat@yopmail.com,Frieda.Merat@gmail.com,worker
252,Clarice,Maroney,Clarice.Maroney@yopmail.com,Clarice.Maroney@gmail.com,developer
253,Micheline,Ietta,Micheline.Ietta@yopmail.com,Micheline.Ietta@gmail.com,worker
254,Lenna,Fleeta,Lenna.Fleeta@yopmail.com,Lenna.Fleeta@gmail.com,developer
255,Norine,Harl,Norine.Harl@yopmail.com,Norine.Harl@gmail.com,developer
256,Lucy,Baudin,Lucy.Baudin@yopmail.com,Lucy.Baudin@gmail.com,worker
257,Perry,Joachim,Perry.Joachim@yopmail.com,Perry.Joachim@gmail.com,worker
258,Anallese,Faro,Anallese.Faro@yopmail.com,Anallese.Faro@gmail.com,firefighter
259,Ardenia,Turne,Ardenia.Turne@yopmail.com,Ardenia.Turne@gmail.com,developer
260,Wanda,Melony,Wanda.Melony@yopmail.com,Wanda.Melony@gmail.com,firefighter
261,Beverley,Shuler,Beverley.Shuler@yopmail.com,Beverley.Shuler@gmail.com,firefighter
262,Jorry,Colyer,Jorry.Colyer@yopmail.com,Jorry.Colyer@gmail.com,developer
263,Kara-Lynn,Francyne,Kara-Lynn.Francyne@yopmail.com,Kara-Lynn.Francyne@gmail.com,doctor
264,Sue,Wilkinson,Sue.Wilkinson@yopmail.com,Sue.Wilkinson@gmail.com,worker
265,Candy,Palocz,Candy.Palocz@yopmail.com,Candy.Palocz@gmail.com,firefighter
266,Paola,Emerson,Paola.Emerson@yopmail.com,Paola.Emerson@gmail.com,worker
267,Layla,Malanie,Layla.Malanie@yopmail.com,Layla.Malanie@gmail.com,firefighter
268,Leona,Love,Leona.Love@yopmail.com,Leona.Love@gmail.com,police officer
269,Babita,Libna,Babita.Libna@yopmail.com,Babita.Libna@gmail.com,doctor
270,Kimberley,Sholley,Kimberley.Sholley@yopmail.com,Kimberley.Sholley@gmail.com,worker
271,Gratia,Jerold,Gratia.Jerold@yopmail.com,Gratia.Jerold@gmail.com,worker
272,Marsiella,Weide,Marsiella.Weide@yopmail.com,Marsiella.Weide@gmail.com,developer
273,Lolita,Calhoun,Lolita.Calhoun@yopmail.com,Lolita.Calhoun@gmail.com,firefighter
274,Marika,Cohdwell,Marika.Cohdwell@yopmail.com,Marika.Cohdwell@gmail.com,doctor
275,Paule,Dulciana,Paule.Dulciana@yopmail.com,Paule.Dulciana@gmail.com,firefighter
276,Ketti,Arne,Ketti.Arne@yopmail.com,Ketti.Arne@gmail.com,police officer
277,Lucy,Madox,Lucy.Madox@yopmail.com,Lucy.Madox@gmail.com,doctor
278,Nataline,Camden,Nataline.Camden@yopmail.com,Nataline.Camden@gmail.com,doctor
279,Carilyn,Liva,Carilyn.Liva@yopmail.com,Carilyn.Liva@gmail.com,doctor
280,Cherilyn,Buttaro,Cherilyn.Buttaro@yopmail.com,Cherilyn.Buttaro@gmail.com,worker
281,Maurene,Susannah,Maurene.Susannah@yopmail.com,Maurene.Susannah@gmail.com,firefighter
282,Miquela,Nisbet,Miquela.Nisbet@yopmail.com,Miquela.Nisbet@gmail.com,worker
283,Angelique,Schwejda,Angelique.Schwejda@yopmail.com,Angelique.Schwejda@gmail.com,worker
284,Monika,Loleta,Monika.Loleta@yopmail.com,Monika.Loleta@gmail.com,doctor
285,Elise,Magdalen,Elise.Magdalen@yopmail.com,Elise.Magdalen@gmail.com,worker
286,Angela,Blisse,Angela.Blisse@yopmail.com,Angela.Blisse@gmail.com,police officer
287,Alie,Alexandr,Alie.Alexandr@yopmail.com,Alie.Alexandr@gmail.com,doctor
288,Goldie,Jammal,Goldie.Jammal@yopmail.com,Goldie.Jammal@gmail.com,police officer
289,Ardeen,Belanger,Ardeen.Belanger@yopmail.com,Ardeen.Belanger@gmail.com,doctor
290,Melodie,Margret,Melodie.Margret@yopmail.com,Melodie.Margret@gmail.com,doctor
291,Carilyn,Pascia,Carilyn.Pascia@yopmail.com,Carilyn.Pascia@gmail.com,firefighter
292,Suzette,Girardo,Suzette.Girardo@yopmail.com,Suzette.Girardo@gmail.com,developer
293,Winifred,Marcellus,Winifred.Marcellus@yopmail.com,Winifred.Marcellus@gmail.com,firefighter
294,Daphne,Manolo,Daphne.Manolo@yopmail.com,Daphne.Manolo@gmail.com,police officer
295,Flo,Firmin,Flo.Firmin@yopmail.com,Flo.Firmin@gmail.com,developer
296,Camile,Amadas,Camile.Amadas@yopmail.com,Camile.Amadas@gmail.com,firefighter
297,Wendi,Amand,Wendi.Amand@yopmail.com,Wendi.Amand@gmail.com,police officer
298,Theodora,Talia,Theodora.Talia@yopmail.com,Theodora.Talia@gmail.com,worker
299,Lanae,Arne,Lanae.Arne@yopmail.com,Lanae.Arne@gmail.com,police officer
300,Alex,Aprile,Alex.Aprile@yopmail.com,Alex.Aprile@gmail.com,worker
301,Ileana,Morehouse,Ileana.Morehouse@yopmail.com,Ileana.Morehouse@gmail.com,developer
302,Nollie,Lasley,Nollie.Lasley@yopmail.com,Nollie.Lasley@gmail.com,police officer
303,Petronia,Redmond,Petronia.Redmond@yopmail.com,Petronia.Redmond@gmail.com,worker
304,Andree,Suk,Andree.Suk@yopmail.com,Andree.Suk@gmail.com,worker
305,Dale,Japeth,Dale.Japeth@yopmail.com,Dale.Japeth@gmail.com,firefighter
306,Damaris,Edison,Damaris.Edison@yopmail.com,Damaris.Edison@gmail.com,worker
307,Olivette,Othilia,Olivette.Othilia@yopmail.com,Olivette.Othilia@gmail.com,worker
308,Queenie,Kalinda,Queenie.Kalinda@yopmail.com,Queenie.Kalinda@gmail.com,developer
309,Adore,Smitt,Adore.Smitt@yopmail.com,Adore.Smitt@gmail.com,developer
310,Lauryn,Remmer,Lauryn.Remmer@yopmail.com,Lauryn.Remmer@gmail.com,worker
311,Ruthe,Orlene,Ruthe.Orlene@yopmail.com,Ruthe.Orlene@gmail.com,worker
312,Angelique,Urania,Angelique.Urania@yopmail.com,Angelique.Urania@gmail.com,firefighter
313,Morganica,Duwalt,Morganica.Duwalt@yopmail.com,Morganica.Duwalt@gmail.com,worker
314,Ofilia,Dunkin,Ofilia.Dunkin@yopmail.com,Ofilia.Dunkin@gmail.com,worker
315,Alleen,Madox,Alleen.Madox@yopmail.com,Alleen.Madox@gmail.com,police officer
316,Maye,Si,Maye.Si@yopmail.com,Maye.Si@gmail.com,doctor
317,Jinny,Japeth,Jinny.Japeth@yopmail.com,Jinny.Japeth@gmail.com,developer
318,Valli,Persse,Valli.Persse@yopmail.com,Valli.Persse@gmail.com,firefighter
319,Max,Celestine,Max.Celestine@yopmail.com,Max.Celestine@gmail.com,developer
320,Carmela,Haymes,Carmela.Haymes@yopmail.com,Carmela.Haymes@gmail.com,doctor
321,Bernie,Wenoa,Bernie.Wenoa@yopmail.com,Bernie.Wenoa@gmail.com,worker
322,Raquela,Crudden,Raquela.Crudden@yopmail.com,Raquela.Crudden@gmail.com,developer
323,Tera,Holtz,Tera.Holtz@yopmail.com,Tera.Holtz@gmail.com,firefighter
324,Clementine,Primalia,Clementine.Primalia@yopmail.com,Clementine.Primalia@gmail.com,worker
325,Elvira,Jobi,Elvira.Jobi@yopmail.com,Elvira.Jobi@gmail.com,worker
326,Myrtice,Saunderson,Myrtice.Saunderson@yopmail.com,Myrtice.Saunderson@gmail.com,worker
327,Rosanne,Bashemeth,Rosanne.Bashemeth@yopmail.com,Rosanne.Bashemeth@gmail.com,worker
328,Mariann,Chesna,Mariann.Chesna@yopmail.com,Mariann.Chesna@gmail.com,developer
329,Lorie,Philipp,Lorie.Philipp@yopmail.com,Lorie.Philipp@gmail.com,doctor
330,Gretal,Woodberry,Gretal.Woodberry@yopmail.com,Gretal.Woodberry@gmail.com,developer
331,Ekaterina,Damarra,Ekaterina.Damarra@yopmail.com,Ekaterina.Damarra@gmail.com,firefighter
332,Madalyn,Teddman,Madalyn.Teddman@yopmail.com,Madalyn.Teddman@gmail.com,doctor
333,Dotty,Ambrosia,Dotty.Ambrosia@yopmail.com,Dotty.Ambrosia@gmail.com,doctor
334,Amelia,Bennie,Amelia.Bennie@yopmail.com,Amelia.Bennie@gmail.com,developer
335,Fanchon,Sparhawk,Fanchon.Sparhawk@yopmail.com,Fanchon.Sparhawk@gmail.com,doctor
336,Neila,Gherardo,Neila.Gherardo@yopmail.com,Neila.Gherardo@gmail.com,firefighter
337,Raf,Lareena,Raf.Lareena@yopmail.com,Raf.Lareena@gmail.com,firefighter
338,Judy,Karylin,Judy.Karylin@yopmail.com,Judy.Karylin@gmail.com,developer
339,Hope,Rugen,Hope.Rugen@yopmail.com,Hope.Rugen@gmail.com,developer
340,Kayla,Gavrila,Kayla.Gavrila@yopmail.com,Kayla.Gavrila@gmail.com,worker
341,Tina,Read,Tina.Read@yopmail.com,Tina.Read@gmail.com,police officer
342,Rochette,Saree,Rochette.Saree@yopmail.com,Rochette.Saree@gmail.com,worker
343,Darlleen,Israeli,Darlleen.Israeli@yopmail.com,Darlleen.Israeli@gmail.com,developer
344,Viviene,Chandler,Viviene.Chandler@yopmail.com,Viviene.Chandler@gmail.com,worker
345,Brianna,Peg,Brianna.Peg@yopmail.com,Brianna.Peg@gmail.com,police officer
346,Arabel,Cyrie,Arabel.Cyrie@yopmail.com,Arabel.Cyrie@gmail.com,doctor
347,Kalina,Kimmie,Kalina.Kimmie@yopmail.com,Kalina.Kimmie@gmail.com,firefighter
348,Ninnetta,Maiah,Ninnetta.Maiah@yopmail.com,Ninnetta.Maiah@gmail.com,police officer
349,Meriel,Elo,Meriel.Elo@yopmail.com,Meriel.Elo@gmail.com,doctor
350,Bertine,Tryck,Bertine.Tryck@yopmail.com,Bertine.Tryck@gmail.com,police officer
351,Asia,Rebecka,Asia.Rebecka@yopmail.com,Asia.Rebecka@gmail.com,worker
352,Marita,Oster,Marita.Oster@yopmail.com,Marita.Oster@gmail.com,worker
353,Larine,Salvidor,Larine.Salvidor@yopmail.com,Larine.Salvidor@gmail.com,firefighter
354,Feliza,Bates,Feliza.Bates@yopmail.com,Feliza.Bates@gmail.com,police officer
355,Giustina,Lewes,Giustina.Lewes@yopmail.com,Giustina.Lewes@gmail.com,worker
356,Mady,Rustice,Mady.Rustice@yopmail.com,Mady.Rustice@gmail.com,doctor
357,Ayn,Capello,Ayn.Capello@yopmail.com,Ayn.Capello@gmail.com,police officer
358,Kalina,Mintz,Kalina.Mintz@yopmail.com,Kalina.Mintz@gmail.com,doctor
359,Sam,Santoro,Sam.Santoro@yopmail.com,Sam.Santoro@gmail.com,developer
360,Daryl,Irmine,Daryl.Irmine@yopmail.com,Daryl.Irmine@gmail.com,police officer
361,Jorry,Konyn,Jorry.Konyn@yopmail.com,Jorry.Konyn@gmail.com,police officer
362,Cindelyn,Christal,Cindelyn.Christal@yopmail.com,Cindelyn.Christal@gmail.com,doctor
363,Jorry,Darbie,Jorry.Darbie@yopmail.com,Jorry.Darbie@gmail.com,doctor
364,Iseabal,Rolf,Iseabal.Rolf@yopmail.com,Iseabal.Rolf@gmail.com,doctor
365,June,Elo,June.Elo@yopmail.com,June.Elo@gmail.com,doctor
366,Jan,Gualtiero,Jan.Gualtiero@yopmail.com,Jan.Gualtiero@gmail.com,police officer
367,Misha,Ethban,Misha.Ethban@yopmail.com,Misha.Ethban@gmail.com,developer
368,Asia,Tryck,Asia.Tryck@yopmail.com,Asia.Tryck@gmail.com,police officer
369,Nerta,Ilka,Nerta.Ilka@yopmail.com,Nerta.Ilka@gmail.com,worker
370,Tomasina,Garek,Tomasina.Garek@yopmail.com,Tomasina.Garek@gmail.com,police officer
371,Siana,Fabiola,Siana.Fabiola@yopmail.com,Siana.Fabiola@gmail.com,firefighter
372,Karlee,Zuzana,Karlee.Zuzana@yopmail.com,Karlee.Zuzana@gmail.com,doctor
373,Molli,Dex,Molli.Dex@yopmail.com,Molli.Dex@gmail.com,worker
374,Joane,Genna,Joane.Genna@yopmail.com,Joane.Genna@gmail.com,worker
375,Edith,Ethban,Edith.Ethban@yopmail.com,Edith.Ethban@gmail.com,doctor
376,Gabi,Mich,Gabi.Mich@yopmail.com,Gabi.Mich@gmail.com,police officer
377,Aigneis,Sperling,Aigneis.Sperling@yopmail.com,Aigneis.Sperling@gmail.com,developer
378,Evaleen,Amasa,Evaleen.Amasa@yopmail.com,Evaleen.Amasa@gmail.com,developer
379,Fredericka,Guildroy,Fredericka.Guildroy@yopmail.com,Fredericka.Guildroy@gmail.com,firefighter
380,Allis,Gusella,Allis.Gusella@yopmail.com,Allis.Gusella@gmail.com,developer
381,Zaria,Carey,Zaria.Carey@yopmail.com,Zaria.Carey@gmail.com,firefighter
382,Dawn,Harriman,Dawn.Harriman@yopmail.com,Dawn.Harriman@gmail.com,police officer
383,Hollie,Ammann,Hollie.Ammann@yopmail.com,Hollie.Ammann@gmail.com,developer
384,Livvyy,Keily,Livvyy.Keily@yopmail.com,Livvyy.Keily@gmail.com,police officer
385,Emma,Breed,Emma.Breed@yopmail.com,Emma.Breed@gmail.com,police officer
386,Misha,Rebecka,Misha.Rebecka@yopmail.com,Misha.Rebecka@gmail.com,doctor
387,Johna,Socha,Johna.Socha@yopmail.com,Johna.Socha@gmail.com,worker
388,Ketti,Thilda,Ketti.Thilda@yopmail.com,Ketti.Thilda@gmail.com,developer
389,Merrie,Cornelia,Merrie.Cornelia@yopmail.com,Merrie.Cornelia@gmail.com,doctor
390,Kirbee,Guildroy,Kirbee.Guildroy@yopmail.com,Kirbee.Guildroy@gmail.com,worker
391,Philis,Waldron,Philis.Waldron@yopmail.com,Philis.Waldron@gmail.com,doctor
392,Tamqrah,Ackerley,Tamqrah.Ackerley@yopmail.com,Tamqrah.Ackerley@gmail.com,developer
393,Isa,McCutcheon,Isa.McCutcheon@yopmail.com,Isa.McCutcheon@gmail.com,developer
394,Sheree,Bebe,Sheree.Bebe@yopmail.com,Sheree.Bebe@gmail.com,doctor
395,Dorice,Redmond,Dorice.Redmond@yopmail.com,Dorice.Redmond@gmail.com,worker
396,Tera,Munn,Tera.Munn@yopmail.com,Tera.Munn@gmail.com,doctor
397,Belva,Bow,Belva.Bow@yopmail.com,Belva.Bow@gmail.com,doctor
398,Emma,Hoenack,Emma.Hoenack@yopmail.com,Emma.Hoenack@gmail.com,firefighter
399,Asia,Carvey,Asia.Carvey@yopmail.com,Asia.Carvey@gmail.com,developer
400,Mara,Weitman,Mara.Weitman@yopmail.com,Mara.Weitman@gmail.com,doctor
401,Dawn,Magnolia,Dawn.Magnolia@yopmail.com,Dawn.Magnolia@gmail.com,firefighter
402,Jobi,Wooster,Jobi.Wooster@yopmail.com,Jobi.Wooster@gmail.com,police officer
403,Teddie,Jeanne,Teddie.Jeanne@yopmail.com,Teddie.Jeanne@gmail.com,worker
404,Gretal,Charmine,Gretal.Charmine@yopmail.com,Gretal.Charmine@gmail.com,doctor
405,Jany,Medrek,Jany.Medrek@yopmail.com,Jany.Medrek@gmail.com,worker
406,Mildrid,Wildermuth,Mildrid.Wildermuth@yopmail.com,Mildrid.Wildermuth@gmail.com,police officer
407,Ulrike,Dosia,Ulrike.Dosia@yopmail.com,Ulrike.Dosia@gmail.com,police officer
408,Elmira,Mozelle,Elmira.Mozelle@yopmail.com,Elmira.Mozelle@gmail.com,worker
409,Tabbatha,Plato,Tabbatha.Plato@yopmail.com,Tabbatha.Plato@gmail.com,police officer
410,Meghann,Merna,Meghann.Merna@yopmail.com,Meghann.Merna@gmail.com,firefighter
411,Nelle,Miru,Nelle.Miru@yopmail.com,Nelle.Miru@gmail.com,firefighter
412,Cathie,Lory,Cathie.Lory@yopmail.com,Cathie.Lory@gmail.com,police officer
413,Dorice,Schroth,Dorice.Schroth@yopmail.com,Dorice.Schroth@gmail.com,firefighter
414,Catharine,Stephie,Catharine.Stephie@yopmail.com,Catharine.Stephie@gmail.com,developer
415,Teriann,Dermott,Teriann.Dermott@yopmail.com,Teriann.Dermott@gmail.com,worker
416,Doralynne,Natica,Doralynne.Natica@yopmail.com,Doralynne.Natica@gmail.com,doctor
417,Hyacinthe,Gilbertson,Hyacinthe.Gilbertson@yopmail.com,Hyacinthe.Gilbertson@gmail.com,worker
418,Concettina,Swigart,Concettina.Swigart@yopmail.com,Concettina.Swigart@gmail.com,worker
419,Marita,Ashely,Marita.Ashely@yopmail.com,Marita.Ashely@gmail.com,doctor
420,Grier,Laverne,Grier.Laverne@yopmail.com,Grier.Laverne@gmail.com,firefighter
421,Jemie,Roarke,Jemie.Roarke@yopmail.com,Jemie.Roarke@gmail.com,developer
422,Ottilie,Lanita,Ottilie.Lanita@yopmail.com,Ottilie.Lanita@gmail.com,developer
423,Marcelline,Markman,Marcelline.Markman@yopmail.com,Marcelline.Markman@gmail.com,worker
424,Janey,Durante,Janey.Durante@yopmail.com,Janey.Durante@gmail.com,firefighter
425,Anthia,Bohlin,Anthia.Bohlin@yopmail.com,Anthia.Bohlin@gmail.com,police officer
426,Margette,Cristi,Margette.Cristi@yopmail.com,Margette.Cristi@gmail.com,police officer
427,Vanessa,Cullin,Vanessa.Cullin@yopmail.com,Vanessa.Cullin@gmail.com,doctor
428,Elbertina,Darrell,Elbertina.Darrell@yopmail.com,Elbertina.Darrell@gmail.com,doctor
429,Claresta,Phi,Claresta.Phi@yopmail.com,Claresta.Phi@gmail.com,firefighter
430,Frances,Euridice,Frances.Euridice@yopmail.com,Frances.Euridice@gmail.com,firefighter
431,Amalie,Drisko,Amalie.Drisko@yopmail.com,Amalie.Drisko@gmail.com,developer
432,Daphne,Evangelia,Daphne.Evangelia@yopmail.com,Daphne.Evangelia@gmail.com,worker
433,Corene,Flyn,Corene.Flyn@yopmail.com,Corene.Flyn@gmail.com,police officer
434,Collen,Wyn,Collen.Wyn@yopmail.com,Collen.Wyn@gmail.com,firefighter
435,Valli,Irmine,Valli.Irmine@yopmail.com,Valli.Irmine@gmail.com,worker
436,Kelly,Sherfield,Kelly.Sherfield@yopmail.com,Kelly.Sherfield@gmail.com,developer
437,Verla,Linskey,Verla.Linskey@yopmail.com,Verla.Linskey@gmail.com,police officer
438,Rhoda,Bryna,Rhoda.Bryna@yopmail.com,Rhoda.Bryna@gmail.com,developer
439,Lelah,Lewes,Lelah.Lewes@yopmail.com,Lelah.Lewes@gmail.com,worker
440,Michaelina,Loleta,Michaelina.Loleta@yopmail.com,Michaelina.Loleta@gmail.com,developer
441,Susette,Bronk,Susette.Bronk@yopmail.com,Susette.Bronk@gmail.com,doctor
442,Nerta,Ursulette,Nerta.Ursulette@yopmail.com,Nerta.Ursulette@gmail.com,firefighter
443,Fredericka,Robertson,Fredericka.Robertson@yopmail.com,Fredericka.Robertson@gmail.com,doctor
444,Gusty,Wareing,Gusty.Wareing@yopmail.com,Gusty.Wareing@gmail.com,firefighter
445,Sophia,Aprile,Sophia.Aprile@yopmail.com,Sophia.Aprile@gmail.com,police officer
446,Isa,Connelly,Isa.Connelly@yopmail.com,Isa.Connelly@gmail.com,worker
447,Mamie,Goode,Mamie.Goode@yopmail.com,Mamie.Goode@gmail.com,police officer
448,Blake,Raychel,Blake.Raychel@yopmail.com,Blake.Raychel@gmail.com,worker
449,Almeta,Bari,Almeta.Bari@yopmail.com,Almeta.Bari@gmail.com,police officer
450,Alyda,Anselmi,Alyda.Anselmi@yopmail.com,Alyda.Anselmi@gmail.com,police officer
451,Starla,Carey,Starla.Carey@yopmail.com,Starla.Carey@gmail.com,firefighter
452,Ursulina,Cullin,Ursulina.Cullin@yopmail.com,Ursulina.Cullin@gmail.com,police officer
453,Florencia,Freddi,Florencia.Freddi@yopmail.com,Florencia.Freddi@gmail.com,worker
454,Margette,Winthorpe,Margette.Winthorpe@yopmail.com,Margette.Winthorpe@gmail.com,firefighter
455,Mignon,Iphlgenia,Mignon.Iphlgenia@yopmail.com,Mignon.Iphlgenia@gmail.com,police officer
456,Glenda,Eachern,Glenda.Eachern@yopmail.com,Glenda.Eachern@gmail.com,developer
457,Nollie,Magnolia,Nollie.Magnolia@yopmail.com,Nollie.Magnolia@gmail.com,doctor
458,Dulcinea,Tatianas,Dulcinea.Tatianas@yopmail.com,Dulcinea.Tatianas@gmail.com,firefighter
459,Di,Woodberry,Di.Woodberry@yopmail.com,Di.Woodberry@gmail.com,firefighter
460,Tierney,Muriel,Tierney.Muriel@yopmail.com,Tierney.Muriel@gmail.com,doctor
461,Rebeca,Lenny,Rebeca.Lenny@yopmail.com,Rebeca.Lenny@gmail.com,firefighter
462,Evita,Emmy,Evita.Emmy@yopmail.com,Evita.Emmy@gmail.com,developer
463,Tina,Selway,Tina.Selway@yopmail.com,Tina.Selway@gmail.com,firefighter
464,Roseline,Sheng,Roseline.Sheng@yopmail.com,Roseline.Sheng@gmail.com,doctor
465,Patricia,Marlie,Patricia.Marlie@yopmail.com,Patricia.Marlie@gmail.com,developer
466,Carolina,Knowling,Carolina.Knowling@yopmail.com,Carolina.Knowling@gmail.com,worker
467,Vevay,Scammon,Vevay.Scammon@yopmail.com,Vevay.Scammon@gmail.com,doctor
468,Atlanta,Anyah,Atlanta.Anyah@yopmail.com,Atlanta.Anyah@gmail.com,police officer
469,Luci,Olin,Luci.Olin@yopmail.com,Luci.Olin@gmail.com,doctor
470,Sadie,Lorenz,Sadie.Lorenz@yopmail.com,Sadie.Lorenz@gmail.com,firefighter
471,Elise,Bevin,Elise.Bevin@yopmail.com,Elise.Bevin@gmail.com,police officer
472,Robinia,Maxi,Robinia.Maxi@yopmail.com,Robinia.Maxi@gmail.com,worker
473,Berget,Durante,Berget.Durante@yopmail.com,Berget.Durante@gmail.com,worker
474,Marjie,Tristram,Marjie.Tristram@yopmail.com,Marjie.Tristram@gmail.com,developer
475,Claresta,Monaco,Claresta.Monaco@yopmail.com,Claresta.Monaco@gmail.com,police officer
476,Ayn,Bendick,Ayn.Bendick@yopmail.com,Ayn.Bendick@gmail.com,firefighter
477,Aeriela,Dominy,Aeriela.Dominy@yopmail.com,Aeriela.Dominy@gmail.com,worker
478,Miquela,Bonilla,Miquela.Bonilla@yopmail.com,Miquela.Bonilla@gmail.com,developer
479,Neila,Dorine,Neila.Dorine@yopmail.com,Neila.Dorine@gmail.com,firefighter
480,Carmela,Schonfeld,Carmela.Schonfeld@yopmail.com,Carmela.Schonfeld@gmail.com,developer
481,Kerrin,Hertzfeld,Kerrin.Hertzfeld@yopmail.com,Kerrin.Hertzfeld@gmail.com,firefighter
482,Alyssa,Baptlsta,Alyssa.Baptlsta@yopmail.com,Alyssa.Baptlsta@gmail.com,firefighter
483,Lizzie,Lesley,Lizzie.Lesley@yopmail.com,Lizzie.Lesley@gmail.com,firefighter
484,Elie,McNully,Elie.McNully@yopmail.com,Elie.McNully@gmail.com,developer
485,Ekaterina,Bow,Ekaterina.Bow@yopmail.com,Ekaterina.Bow@gmail.com,developer
486,Wynne,Suk,Wynne.Suk@yopmail.com,Wynne.Suk@gmail.com,developer
487,Zaria,Jobi,Zaria.Jobi@yopmail.com,Zaria.Jobi@gmail.com,developer
488,Sue,Garek,Sue.Garek@yopmail.com,Sue.Garek@gmail.com,doctor
489,Imojean,Granoff,Imojean.Granoff@yopmail.com,Imojean.Granoff@gmail.com,developer
490,Annora,Si,Annora.Si@yopmail.com,Annora.Si@gmail.com,doctor
491,Wanda,Bartlett,Wanda.Bartlett@yopmail.com,Wanda.Bartlett@gmail.com,doctor
492,Augustine,Havens,Augustine.Havens@yopmail.com,Augustine.Havens@gmail.com,police officer
493,Annabela,Bates,Annabela.Bates@yopmail.com,Annabela.Bates@gmail.com,worker
494,Lorenza,Odell,Lorenza.Odell@yopmail.com,Lorenza.Odell@gmail.com,developer
495,Judy,Kellby,Judy.Kellby@yopmail.com,Judy.Kellby@gmail.com,doctor
496,Roslyn,Gino,Roslyn.Gino@yopmail.com,Roslyn.Gino@gmail.com,doctor
497,Queenie,Idelia,Queenie.Idelia@yopmail.com,Queenie.Idelia@gmail.com,developer
498,Rosanne,Elo,Rosanne.Elo@yopmail.com,Rosanne.Elo@gmail.com,developer
499,Blinni,Kristi,Blinni.Kristi@yopmail.com,Blinni.Kristi@gmail.com,worker
500,Pamella,Danby,Pamella.Danby@yopmail.com,Pamella.Danby@gmail.com,doctor
501,Benita,Ardeha,Benita.Ardeha@yopmail.com,Benita.Ardeha@gmail.com,worker
502,Cathyleen,Drisko,Cathyleen.Drisko@yopmail.com,Cathyleen.Drisko@gmail.com,developer
503,Jackie,Rozanna,Jackie.Rozanna@yopmail.com,Jackie.Rozanna@gmail.com,police officer
504,Benita,Kendrick,Benita.Kendrick@yopmail.com,Benita.Kendrick@gmail.com,doctor
505,Olwen,Narton,Olwen.Narton@yopmail.com,Olwen.Narton@gmail.com,police officer
506,Minne,Kathie,Minne.Kathie@yopmail.com,Minne.Kathie@gmail.com,doctor
507,Winifred,Briney,Winifred.Briney@yopmail.com,Winifred.Briney@gmail.com,worker
508,Violet,Bendick,Violet.Bendick@yopmail.com,Violet.Bendick@gmail.com,firefighter
509,Mildrid,Hirsch,Mildrid.Hirsch@yopmail.com,Mildrid.Hirsch@gmail.com,firefighter
510,Michaelina,Eckblad,Michaelina.Eckblad@yopmail.com,Michaelina.Eckblad@gmail.com,doctor
511,Lusa,Philipp,Lusa.Philipp@yopmail.com,Lusa.Philipp@gmail.com,worker
512,Lynnea,Christine,Lynnea.Christine@yopmail.com,Lynnea.Christine@gmail.com,worker
513,Gianina,Pandolfi,Gianina.Pandolfi@yopmail.com,Gianina.Pandolfi@gmail.com,firefighter
514,Karena,Nance,Karena.Nance@yopmail.com,Karena.Nance@gmail.com,firefighter
515,Bill,Sperling,Bill.Sperling@yopmail.com,Bill.Sperling@gmail.com,police officer
516,Winifred,Ahab,Winifred.Ahab@yopmail.com,Winifred.Ahab@gmail.com,doctor
517,Britni,Norrie,Britni.Norrie@yopmail.com,Britni.Norrie@gmail.com,police officer
518,Mellicent,Holtz,Mellicent.Holtz@yopmail.com,Mellicent.Holtz@gmail.com,doctor
519,Josephine,Hanleigh,Josephine.Hanleigh@yopmail.com,Josephine.Hanleigh@gmail.com,police officer
520,Oralee,Montgomery,Oralee.Montgomery@yopmail.com,Oralee.Montgomery@gmail.com,doctor
521,Joceline,Charmine,Joceline.Charmine@yopmail.com,Joceline.Charmine@gmail.com,firefighter
522,Ashlee,Cosenza,Ashlee.Cosenza@yopmail.com,Ashlee.Cosenza@gmail.com,doctor
523,Vere,Chrystel,Vere.Chrystel@yopmail.com,Vere.Chrystel@gmail.com,doctor
524,Myriam,Marcellus,Myriam.Marcellus@yopmail.com,Myriam.Marcellus@gmail.com,firefighter
525,Dacia,Lea,Dacia.Lea@yopmail.com,Dacia.Lea@gmail.com,doctor
526,Lucy,Dom,Lucy.Dom@yopmail.com,Lucy.Dom@gmail.com,developer
527,Fina,Hillel,Fina.Hillel@yopmail.com,Fina.Hillel@gmail.com,doctor
528,Gabi,Goldina,Gabi.Goldina@yopmail.com,Gabi.Goldina@gmail.com,worker
529,Gianina,Latini,Gianina.Latini@yopmail.com,Gianina.Latini@gmail.com,firefighter
530,Carree,Burkle,Carree.Burkle@yopmail.com,Carree.Burkle@gmail.com,worker
531,Anallese,Khorma,Anallese.Khorma@yopmail.com,Anallese.Khorma@gmail.com,police officer
532,Joceline,Malina,Joceline.Malina@yopmail.com,Joceline.Malina@gmail.com,firefighter
533,Tierney,Ellord,Tierney.Ellord@yopmail.com,Tierney.Ellord@gmail.com,firefighter
534,Jaime,Carri,Jaime.Carri@yopmail.com,Jaime.Carri@gmail.com,worker
535,Therine,Percy,Therine.Percy@yopmail.com,Therine.Percy@gmail.com,police officer
536,Donnie,Salchunas,Donnie.Salchunas@yopmail.com,Donnie.Salchunas@gmail.com,police officer
537,Jessamyn,Kress,Jessamyn.Kress@yopmail.com,Jessamyn.Kress@gmail.com,firefighter
538,Wanda,Engdahl,Wanda.Engdahl@yopmail.com,Wanda.Engdahl@gmail.com,doctor
539,Consuela,Persse,Consuela.Persse@yopmail.com,Consuela.Persse@gmail.com,developer
540,Marnia,Alfons,Marnia.Alfons@yopmail.com,Marnia.Alfons@gmail.com,police officer
541,Vivia,Anton,Vivia.Anton@yopmail.com,Vivia.Anton@gmail.com,worker
542,Modestia,Vins,Modestia.Vins@yopmail.com,Modestia.Vins@gmail.com,worker
543,Carol-Jean,Myrilla,Carol-Jean.Myrilla@yopmail.com,Carol-Jean.Myrilla@gmail.com,doctor
544,Siana,Margarete,Siana.Margarete@yopmail.com,Siana.Margarete@gmail.com,worker
545,Vanessa,Yusuk,Vanessa.Yusuk@yopmail.com,Vanessa.Yusuk@gmail.com,police officer
546,Cathyleen,Leopold,Cathyleen.Leopold@yopmail.com,Cathyleen.Leopold@gmail.com,police officer
547,Cassondra,Wiener,Cassondra.Wiener@yopmail.com,Cassondra.Wiener@gmail.com,developer
548,Kore,Taima,Kore.Taima@yopmail.com,Kore.Taima@gmail.com,worker
549,Priscilla,Clarissa,Priscilla.Clarissa@yopmail.com,Priscilla.Clarissa@gmail.com,firefighter
550,Cordi,Ledah,Cordi.Ledah@yopmail.com,Cordi.Ledah@gmail.com,worker
551,Gwenneth,Infield,Gwenneth.Infield@yopmail.com,Gwenneth.Infield@gmail.com,developer
552,Tamqrah,Norrie,Tamqrah.Norrie@yopmail.com,Tamqrah.Norrie@gmail.com,police officer
553,Ulrike,Berard,Ulrike.Berard@yopmail.com,Ulrike.Berard@gmail.com,firefighter
554,Britni,Demitria,Britni.Demitria@yopmail.com,Britni.Demitria@gmail.com,police officer
555,Elbertina,Chabot,Elbertina.Chabot@yopmail.com,Elbertina.Chabot@gmail.com,police officer
556,Joy,Maisey,Joy.Maisey@yopmail.com,Joy.Maisey@gmail.com,doctor
557,Ginnie,Parsaye,Ginnie.Parsaye@yopmail.com,Ginnie.Parsaye@gmail.com,firefighter
558,Kara-Lynn,Madox,Kara-Lynn.Madox@yopmail.com,Kara-Lynn.Madox@gmail.com,doctor
559,Libbie,Behre,Libbie.Behre@yopmail.com,Libbie.Behre@gmail.com,doctor
560,Elena,Harday,Elena.Harday@yopmail.com,Elena.Harday@gmail.com,worker
561,Xylina,Bashemeth,Xylina.Bashemeth@yopmail.com,Xylina.Bashemeth@gmail.com,worker
562,Trudie,Garlinda,Trudie.Garlinda@yopmail.com,Trudie.Garlinda@gmail.com,police officer
563,Mariann,Love,Mariann.Love@yopmail.com,Mariann.Love@gmail.com,worker
564,Barbi,Oneida,Barbi.Oneida@yopmail.com,Barbi.Oneida@gmail.com,firefighter
565,Candi,Fennessy,Candi.Fennessy@yopmail.com,Candi.Fennessy@gmail.com,developer
566,Frieda,Niccolo,Frieda.Niccolo@yopmail.com,Frieda.Niccolo@gmail.com,firefighter
567,Pearline,Janith,Pearline.Janith@yopmail.com,Pearline.Janith@gmail.com,police officer
568,Shaylyn,Edee,Shaylyn.Edee@yopmail.com,Shaylyn.Edee@gmail.com,firefighter
569,Lacie,Margarete,Lacie.Margarete@yopmail.com,Lacie.Margarete@gmail.com,doctor
570,Ann-Marie,Cavan,Ann-Marie.Cavan@yopmail.com,Ann-Marie.Cavan@gmail.com,worker
571,Olwen,Tarrant,Olwen.Tarrant@yopmail.com,Olwen.Tarrant@gmail.com,firefighter
572,Paule,Bari,Paule.Bari@yopmail.com,Paule.Bari@gmail.com,doctor
573,Melina,Peonir,Melina.Peonir@yopmail.com,Melina.Peonir@gmail.com,police officer
574,Claresta,Eckblad,Claresta.Eckblad@yopmail.com,Claresta.Eckblad@gmail.com,developer
575,Jere,Katrine,Jere.Katrine@yopmail.com,Jere.Katrine@gmail.com,developer
576,Marti,Cordi,Marti.Cordi@yopmail.com,Marti.Cordi@gmail.com,firefighter
577,Dorice,Levey,Dorice.Levey@yopmail.com,Dorice.Levey@gmail.com,developer
578,Tera,Kristi,Tera.Kristi@yopmail.com,Tera.Kristi@gmail.com,worker
579,Malina,Rogerio,Malina.Rogerio@yopmail.com,Malina.Rogerio@gmail.com,police officer
580,Annora,Fax,Annora.Fax@yopmail.com,Annora.Fax@gmail.com,police officer
581,Gratia,Bord,Gratia.Bord@yopmail.com,Gratia.Bord@gmail.com,doctor
582,Katharina,Jarib,Katharina.Jarib@yopmail.com,Katharina.Jarib@gmail.com,police officer
583,Peri,Saree,Peri.Saree@yopmail.com,Peri.Saree@gmail.com,firefighter
584,Ivett,Tacye,Ivett.Tacye@yopmail.com,Ivett.Tacye@gmail.com,firefighter
585,Marinna,Whittaker,Marinna.Whittaker@yopmail.com,Marinna.Whittaker@gmail.com,firefighter
586,Jeanna,Tryck,Jeanna.Tryck@yopmail.com,Jeanna.Tryck@gmail.com,firefighter
587,Cyb,Sikorski,Cyb.Sikorski@yopmail.com,Cyb.Sikorski@gmail.com,police officer
588,Elora,Vacuva,Elora.Vacuva@yopmail.com,Elora.Vacuva@gmail.com,doctor
589,Jasmina,Skell,Jasmina.Skell@yopmail.com,Jasmina.Skell@gmail.com,worker
590,Jacenta,Bergman,Jacenta.Bergman@yopmail.com,Jacenta.Bergman@gmail.com,doctor
591,Teriann,Seessel,Teriann.Seessel@yopmail.com,Teriann.Seessel@gmail.com,firefighter
592,Jordan,Eldrid,Jordan.Eldrid@yopmail.com,Jordan.Eldrid@gmail.com,developer
593,Fernande,Dyche,Fernande.Dyche@yopmail.com,Fernande.Dyche@gmail.com,doctor
594,Darlleen,Solitta,Darlleen.Solitta@yopmail.com,Darlleen.Solitta@gmail.com,developer
595,Brietta,Ricki,Brietta.Ricki@yopmail.com,Brietta.Ricki@gmail.com,developer
596,Elka,Bobbee,Elka.Bobbee@yopmail.com,Elka.Bobbee@gmail.com,doctor
597,Janeczka,Soneson,Janeczka.Soneson@yopmail.com,Janeczka.Soneson@gmail.com,developer
598,Suzette,Milson,Suzette.Milson@yopmail.com,Suzette.Milson@gmail.com,doctor
599,Ardeen,Gale,Ardeen.Gale@yopmail.com,Ardeen.Gale@gmail.com,worker
600,Lorenza,Selway,Lorenza.Selway@yopmail.com,Lorenza.Selway@gmail.com,firefighter
601,Bee,Westphal,Bee.Westphal@yopmail.com,Bee.Westphal@gmail.com,developer
602,Stacey,Anton,Stacey.Anton@yopmail.com,Stacey.Anton@gmail.com,worker
603,Emylee,Helve,Emylee.Helve@yopmail.com,Emylee.Helve@gmail.com,firefighter
604,Margarette,Dermott,Margarette.Dermott@yopmail.com,Margarette.Dermott@gmail.com,police officer
605,Kristan,Clie,Kristan.Clie@yopmail.com,Kristan.Clie@gmail.com,police officer
606,Shirlee,Bettine,Shirlee.Bettine@yopmail.com,Shirlee.Bettine@gmail.com,doctor
607,Miquela,Luhe,Miquela.Luhe@yopmail.com,Miquela.Luhe@gmail.com,worker
608,Blondelle,Mallon,Blondelle.Mallon@yopmail.com,Blondelle.Mallon@gmail.com,worker
609,Jeanna,Cath,Jeanna.Cath@yopmail.com,Jeanna.Cath@gmail.com,police officer
610,Gwyneth,Blake,Gwyneth.Blake@yopmail.com,Gwyneth.Blake@gmail.com,developer
611,Glynnis,Grosz,Glynnis.Grosz@yopmail.com,Glynnis.Grosz@gmail.com,police officer
612,Imojean,Dannye,Imojean.Dannye@yopmail.com,Imojean.Dannye@gmail.com,developer
613,Tamqrah,Thornburg,Tamqrah.Thornburg@yopmail.com,Tamqrah.Thornburg@gmail.com,developer
614,Jennica,Lane,Jennica.Lane@yopmail.com,Jennica.Lane@gmail.com,police officer
615,Ernesta,Whittaker,Ernesta.Whittaker@yopmail.com,Ernesta.Whittaker@gmail.com,developer
616,Juliane,Kaete,Juliane.Kaete@yopmail.com,Juliane.Kaete@gmail.com,police officer
617,Etta,Voletta,Etta.Voletta@yopmail.com,Etta.Voletta@gmail.com,police officer
618,Andeee,Pauly,Andeee.Pauly@yopmail.com,Andeee.Pauly@gmail.com,developer
619,Joleen,Zuzana,Joleen.Zuzana@yopmail.com,Joleen.Zuzana@gmail.com,firefighter
620,Modestia,Hailee,Modestia.Hailee@yopmail.com,Modestia.Hailee@gmail.com,police officer
621,Justinn,Loring,Justinn.Loring@yopmail.com,Justinn.Loring@gmail.com,developer
622,Aryn,Lenny,Aryn.Lenny@yopmail.com,Aryn.Lenny@gmail.com,worker
623,Leona,Delp,Leona.Delp@yopmail.com,Leona.Delp@gmail.com,developer
624,Mellicent,Seligman,Mellicent.Seligman@yopmail.com,Mellicent.Seligman@gmail.com,developer
625,Rivalee,Lewes,Rivalee.Lewes@yopmail.com,Rivalee.Lewes@gmail.com,developer
626,Jenda,Ehrman,Jenda.Ehrman@yopmail.com,Jenda.Ehrman@gmail.com,worker
627,Laure,Edmund,Laure.Edmund@yopmail.com,Laure.Edmund@gmail.com,doctor
628,Heida,Tryck,Heida.Tryck@yopmail.com,Heida.Tryck@gmail.com,developer
629,Dorothy,Georas,Dorothy.Georas@yopmail.com,Dorothy.Georas@gmail.com,doctor
630,Aurore,Durware,Aurore.Durware@yopmail.com,Aurore.Durware@gmail.com,police officer
631,Carly,Arne,Carly.Arne@yopmail.com,Carly.Arne@gmail.com,firefighter
632,Tersina,Carbo,Tersina.Carbo@yopmail.com,Tersina.Carbo@gmail.com,worker
633,Consuela,Fink,Consuela.Fink@yopmail.com,Consuela.Fink@gmail.com,developer
634,Wendi,Orlene,Wendi.Orlene@yopmail.com,Wendi.Orlene@gmail.com,developer
635,Thalia,Leffen,Thalia.Leffen@yopmail.com,Thalia.Leffen@gmail.com,worker
636,Susan,McNully,Susan.McNully@yopmail.com,Susan.McNully@gmail.com,police officer
637,Emilia,Carri,Emilia.Carri@yopmail.com,Emilia.Carri@gmail.com,doctor
638,Sean,Tice,Sean.Tice@yopmail.com,Sean.Tice@gmail.com,worker
639,Paulita,Dosia,Paulita.Dosia@yopmail.com,Paulita.Dosia@gmail.com,police officer
640,Teriann,Kesley,Teriann.Kesley@yopmail.com,Teriann.Kesley@gmail.com,firefighter
641,Joceline,Yate,Joceline.Yate@yopmail.com,Joceline.Yate@gmail.com,police officer
642,Evaleen,Larochelle,Evaleen.Larochelle@yopmail.com,Evaleen.Larochelle@gmail.com,worker
643,Donnie,Wareing,Donnie.Wareing@yopmail.com,Donnie.Wareing@gmail.com,developer
644,Mady,Secrest,Mady.Secrest@yopmail.com,Mady.Secrest@gmail.com,worker
645,Jemie,Lutero,Jemie.Lutero@yopmail.com,Jemie.Lutero@gmail.com,police officer
646,Jinny,Firmin,Jinny.Firmin@yopmail.com,Jinny.Firmin@gmail.com,worker
647,Ninnetta,Ranjiv,Ninnetta.Ranjiv@yopmail.com,Ninnetta.Ranjiv@gmail.com,worker
648,Gretal,Tillford,Gretal.Tillford@yopmail.com,Gretal.Tillford@gmail.com,doctor
649,Layla,Lesley,Layla.Lesley@yopmail.com,Layla.Lesley@gmail.com,doctor
650,Belva,Zenas,Belva.Zenas@yopmail.com,Belva.Zenas@gmail.com,worker
651,Max,Breed,Max.Breed@yopmail.com,Max.Breed@gmail.com,police officer
652,Ottilie,Dorothy,Ottilie.Dorothy@yopmail.com,Ottilie.Dorothy@gmail.com,developer
653,Barbi,Toor,Barbi.Toor@yopmail.com,Barbi.Toor@gmail.com,police officer
654,Roberta,Oster,Roberta.Oster@yopmail.com,Roberta.Oster@gmail.com,police officer
655,Natka,Dyche,Natka.Dyche@yopmail.com,Natka.Dyche@gmail.com,police officer
656,Vanessa,Magdalen,Vanessa.Magdalen@yopmail.com,Vanessa.Magdalen@gmail.com,police officer
657,Madeleine,Nunci,Madeleine.Nunci@yopmail.com,Madeleine.Nunci@gmail.com,worker
658,Andeee,Bertold,Andeee.Bertold@yopmail.com,Andeee.Bertold@gmail.com,firefighter
659,Marcelline,Fink,Marcelline.Fink@yopmail.com,Marcelline.Fink@gmail.com,developer
660,Hope,Andrel,Hope.Andrel@yopmail.com,Hope.Andrel@gmail.com,police officer
661,Imojean,Urias,Imojean.Urias@yopmail.com,Imojean.Urias@gmail.com,firefighter
662,Flo,Bakerman,Flo.Bakerman@yopmail.com,Flo.Bakerman@gmail.com,doctor
663,Stevana,Gavrila,Stevana.Gavrila@yopmail.com,Stevana.Gavrila@gmail.com,police officer
664,Joleen,Lilas,Joleen.Lilas@yopmail.com,Joleen.Lilas@gmail.com,developer
665,Aubrie,Chaing,Aubrie.Chaing@yopmail.com,Aubrie.Chaing@gmail.com,developer
666,Kristan,Rogerio,Kristan.Rogerio@yopmail.com,Kristan.Rogerio@gmail.com,police officer
667,Linzy,Blake,Linzy.Blake@yopmail.com,Linzy.Blake@gmail.com,worker
668,Kimmy,Faso,Kimmy.Faso@yopmail.com,Kimmy.Faso@gmail.com,police officer
669,Dari,Eno,Dari.Eno@yopmail.com,Dari.Eno@gmail.com,police officer
670,Meg,Lindemann,Meg.Lindemann@yopmail.com,Meg.Lindemann@gmail.com,police officer
671,Nerta,Dannye,Nerta.Dannye@yopmail.com,Nerta.Dannye@gmail.com,worker
672,Tilly,Jethro,Tilly.Jethro@yopmail.com,Tilly.Jethro@gmail.com,firefighter
673,Alejandra,Toffic,Alejandra.Toffic@yopmail.com,Alejandra.Toffic@gmail.com,doctor
674,Lucille,Ethban,Lucille.Ethban@yopmail.com,Lucille.Ethban@gmail.com,worker
675,Lelah,Klotz,Lelah.Klotz@yopmail.com,Lelah.Klotz@gmail.com,developer
676,Susan,Roumell,Susan.Roumell@yopmail.com,Susan.Roumell@gmail.com,worker
677,Ivett,Middleton,Ivett.Middleton@yopmail.com,Ivett.Middleton@gmail.com,firefighter
678,Adore,Kaete,Adore.Kaete@yopmail.com,Adore.Kaete@gmail.com,police officer
679,Belinda,Havens,Belinda.Havens@yopmail.com,Belinda.Havens@gmail.com,doctor
680,Lesly,Barney,Lesly.Barney@yopmail.com,Lesly.Barney@gmail.com,firefighter
681,Andree,Sophronia,Andree.Sophronia@yopmail.com,Andree.Sophronia@gmail.com,firefighter
682,Annecorinne,Virgin,Annecorinne.Virgin@yopmail.com,Annecorinne.Virgin@gmail.com,police officer
683,Joy,Jotham,Joy.Jotham@yopmail.com,Joy.Jotham@gmail.com,police officer
684,Mamie,Auberbach,Mamie.Auberbach@yopmail.com,Mamie.Auberbach@gmail.com,doctor
685,Violet,Maiah,Violet.Maiah@yopmail.com,Violet.Maiah@gmail.com,doctor
686,Theodora,Dosia,Theodora.Dosia@yopmail.com,Theodora.Dosia@gmail.com,police officer
687,Roz,Dichy,Roz.Dichy@yopmail.com,Roz.Dichy@gmail.com,firefighter
688,Genevra,Macey,Genevra.Macey@yopmail.com,Genevra.Macey@gmail.com,worker
689,Florie,Pacorro,Florie.Pacorro@yopmail.com,Florie.Pacorro@gmail.com,police officer
690,Yvonne,Sadowski,Yvonne.Sadowski@yopmail.com,Yvonne.Sadowski@gmail.com,police officer
691,Cindelyn,Scammon,Cindelyn.Scammon@yopmail.com,Cindelyn.Scammon@gmail.com,doctor
692,Paola,Allina,Paola.Allina@yopmail.com,Paola.Allina@gmail.com,police officer
693,Corly,Zitvaa,Corly.Zitvaa@yopmail.com,Corly.Zitvaa@gmail.com,firefighter
694,Celestyna,Stilwell,Celestyna.Stilwell@yopmail.com,Celestyna.Stilwell@gmail.com,police officer
695,Margette,Gualtiero,Margette.Gualtiero@yopmail.com,Margette.Gualtiero@gmail.com,developer
696,Starla,Wandie,Starla.Wandie@yopmail.com,Starla.Wandie@gmail.com,police officer
697,Maud,Curren,Maud.Curren@yopmail.com,Maud.Curren@gmail.com,developer
698,Merrie,Raffo,Merrie.Raffo@yopmail.com,Merrie.Raffo@gmail.com,police officer
699,Asia,Kenney,Asia.Kenney@yopmail.com,Asia.Kenney@gmail.com,worker
700,Aurore,Edison,Aurore.Edison@yopmail.com,Aurore.Edison@gmail.com,developer
701,Claresta,Alva,Claresta.Alva@yopmail.com,Claresta.Alva@gmail.com,police officer
702,Beth,Grimbly,Beth.Grimbly@yopmail.com,Beth.Grimbly@gmail.com,doctor
703,Madelle,Letsou,Madelle.Letsou@yopmail.com,Madelle.Letsou@gmail.com,police officer
704,Renie,Scammon,Renie.Scammon@yopmail.com,Renie.Scammon@gmail.com,firefighter
705,Clarice,Eno,Clarice.Eno@yopmail.com,Clarice.Eno@gmail.com,doctor
706,Molli,Cullin,Molli.Cullin@yopmail.com,Molli.Cullin@gmail.com,firefighter
707,Sashenka,Therine,Sashenka.Therine@yopmail.com,Sashenka.Therine@gmail.com,developer
708,Talya,Urias,Talya.Urias@yopmail.com,Talya.Urias@gmail.com,police officer
709,Basia,Thema,Basia.Thema@yopmail.com,Basia.Thema@gmail.com,doctor
710,Bernie,Aaberg,Bernie.Aaberg@yopmail.com,Bernie.Aaberg@gmail.com,doctor
711,Leontine,Yoko,Leontine.Yoko@yopmail.com,Leontine.Yoko@gmail.com,doctor
712,Merry,Garlinda,Merry.Garlinda@yopmail.com,Merry.Garlinda@gmail.com,firefighter
713,Dennie,Fadiman,Dennie.Fadiman@yopmail.com,Dennie.Fadiman@gmail.com,doctor
714,Sandie,Raimondo,Sandie.Raimondo@yopmail.com,Sandie.Raimondo@gmail.com,doctor
715,Bettine,Catie,Bettine.Catie@yopmail.com,Bettine.Catie@gmail.com,developer
716,Allis,Niccolo,Allis.Niccolo@yopmail.com,Allis.Niccolo@gmail.com,firefighter
717,Kellen,Torray,Kellen.Torray@yopmail.com,Kellen.Torray@gmail.com,doctor
718,Alameda,Johanna,Alameda.Johanna@yopmail.com,Alameda.Johanna@gmail.com,police officer
719,Selia,Brackely,Selia.Brackely@yopmail.com,Selia.Brackely@gmail.com,firefighter
720,Elise,Elephus,Elise.Elephus@yopmail.com,Elise.Elephus@gmail.com,developer
721,Hope,Leary,Hope.Leary@yopmail.com,Hope.Leary@gmail.com,worker
722,Gavrielle,Rogerio,Gavrielle.Rogerio@yopmail.com,Gavrielle.Rogerio@gmail.com,doctor
723,Raquela,Dawkins,Raquela.Dawkins@yopmail.com,Raquela.Dawkins@gmail.com,developer
724,Agathe,Lenny,Agathe.Lenny@yopmail.com,Agathe.Lenny@gmail.com,firefighter
725,Melina,Vharat,Melina.Vharat@yopmail.com,Melina.Vharat@gmail.com,doctor
726,Claresta,Korey,Claresta.Korey@yopmail.com,Claresta.Korey@gmail.com,police officer
727,Riannon,Tjon,Riannon.Tjon@yopmail.com,Riannon.Tjon@gmail.com,worker
728,Melodie,Rosette,Melodie.Rosette@yopmail.com,Melodie.Rosette@gmail.com,developer
729,Yvonne,Brackely,Yvonne.Brackely@yopmail.com,Yvonne.Brackely@gmail.com,firefighter
730,Alejandra,Evangelia,Alejandra.Evangelia@yopmail.com,Alejandra.Evangelia@gmail.com,police officer
731,Anthia,Marcellus,Anthia.Marcellus@yopmail.com,Anthia.Marcellus@gmail.com,firefighter
732,Arlena,Pacorro,Arlena.Pacorro@yopmail.com,Arlena.Pacorro@gmail.com,police officer
733,Edyth,Ingra,Edyth.Ingra@yopmail.com,Edyth.Ingra@gmail.com,worker
734,Heida,Nedrud,Heida.Nedrud@yopmail.com,Heida.Nedrud@gmail.com,firefighter
735,Babita,Edvard,Babita.Edvard@yopmail.com,Babita.Edvard@gmail.com,firefighter
736,Elora,Zachary,Elora.Zachary@yopmail.com,Elora.Zachary@gmail.com,worker
737,Kimberley,Margret,Kimberley.Margret@yopmail.com,Kimberley.Margret@gmail.com,firefighter
738,Anthia,O'Neill,Anthia.O'Neill@yopmail.com,Anthia.O'Neill@gmail.com,doctor
739,Deedee,Cookie,Deedee.Cookie@yopmail.com,Deedee.Cookie@gmail.com,doctor
740,Rochette,Alcott,Rochette.Alcott@yopmail.com,Rochette.Alcott@gmail.com,developer
741,Roberta,Infield,Roberta.Infield@yopmail.com,Roberta.Infield@gmail.com,police officer
742,Rani,Cath,Rani.Cath@yopmail.com,Rani.Cath@gmail.com,firefighter
743,Mellicent,Diann,Mellicent.Diann@yopmail.com,Mellicent.Diann@gmail.com,developer
744,Carmela,Hoban,Carmela.Hoban@yopmail.com,Carmela.Hoban@gmail.com,worker
745,Benita,Lia,Benita.Lia@yopmail.com,Benita.Lia@gmail.com,worker
746,Katleen,Baptlsta,Katleen.Baptlsta@yopmail.com,Katleen.Baptlsta@gmail.com,firefighter
747,Ottilie,Palocz,Ottilie.Palocz@yopmail.com,Ottilie.Palocz@gmail.com,doctor
748,Gerianna,Clara,Gerianna.Clara@yopmail.com,Gerianna.Clara@gmail.com,developer
749,Tina,Stacy,Tina.Stacy@yopmail.com,Tina.Stacy@gmail.com,worker
750,Emylee,Zitvaa,Emylee.Zitvaa@yopmail.com,Emylee.Zitvaa@gmail.com,firefighter
751,Nikki,Schwejda,Nikki.Schwejda@yopmail.com,Nikki.Schwejda@gmail.com,doctor
752,Alleen,Eachern,Alleen.Eachern@yopmail.com,Alleen.Eachern@gmail.com,doctor
753,Kimmy,Stoller,Kimmy.Stoller@yopmail.com,Kimmy.Stoller@gmail.com,police officer
754,Ricky,Tristram,Ricky.Tristram@yopmail.com,Ricky.Tristram@gmail.com,developer
755,Cassondra,Tarrant,Cassondra.Tarrant@yopmail.com,Cassondra.Tarrant@gmail.com,firefighter
756,Katharina,Caitlin,Katharina.Caitlin@yopmail.com,Katharina.Caitlin@gmail.com,worker
757,Loree,Pillsbury,Loree.Pillsbury@yopmail.com,Loree.Pillsbury@gmail.com,police officer
758,Tina,Markman,Tina.Markman@yopmail.com,Tina.Markman@gmail.com,firefighter
759,Leeanne,Stav,Leeanne.Stav@yopmail.com,Leeanne.Stav@gmail.com,worker
760,Anestassia,Norrie,Anestassia.Norrie@yopmail.com,Anestassia.Norrie@gmail.com,firefighter
761,Marguerite,Merriott,Marguerite.Merriott@yopmail.com,Marguerite.Merriott@gmail.com,doctor
762,Libbie,Stelle,Libbie.Stelle@yopmail.com,Libbie.Stelle@gmail.com,police officer
763,Edee,Chandler,Edee.Chandler@yopmail.com,Edee.Chandler@gmail.com,doctor
764,Alyssa,Cynar,Alyssa.Cynar@yopmail.com,Alyssa.Cynar@gmail.com,police officer
765,Carly,Vacuva,Carly.Vacuva@yopmail.com,Carly.Vacuva@gmail.com,developer
766,Annora,Judye,Annora.Judye@yopmail.com,Annora.Judye@gmail.com,firefighter
767,Susan,Katrine,Susan.Katrine@yopmail.com,Susan.Katrine@gmail.com,police officer
768,Melisent,Berl,Melisent.Berl@yopmail.com,Melisent.Berl@gmail.com,doctor
769,Delilah,Anastatius,Delilah.Anastatius@yopmail.com,Delilah.Anastatius@gmail.com,firefighter
770,Max,Rosalba,Max.Rosalba@yopmail.com,Max.Rosalba@gmail.com,police officer
771,Raina,Christal,Raina.Christal@yopmail.com,Raina.Christal@gmail.com,worker
772,Meg,Angelis,Meg.Angelis@yopmail.com,Meg.Angelis@gmail.com,developer
773,Ofilia,Lubin,Ofilia.Lubin@yopmail.com,Ofilia.Lubin@gmail.com,doctor
774,Fred,Grosz,Fred.Grosz@yopmail.com,Fred.Grosz@gmail.com,police officer
775,Joane,August,Joane.August@yopmail.com,Joane.August@gmail.com,worker
776,Veda,Goth,Veda.Goth@yopmail.com,Veda.Goth@gmail.com,firefighter
777,Tori,Gilmour,Tori.Gilmour@yopmail.com,Tori.Gilmour@gmail.com,firefighter
778,Elora,Autrey,Elora.Autrey@yopmail.com,Elora.Autrey@gmail.com,firefighter
779,Adelle,Hepsibah,Adelle.Hepsibah@yopmail.com,Adelle.Hepsibah@gmail.com,firefighter
780,Alex,Huggins,Alex.Huggins@yopmail.com,Alex.Huggins@gmail.com,worker
781,Viviene,Obed,Viviene.Obed@yopmail.com,Viviene.Obed@gmail.com,doctor
782,Anestassia,Brodench,Anestassia.Brodench@yopmail.com,Anestassia.Brodench@gmail.com,worker
783,Dulce,Marden,Dulce.Marden@yopmail.com,Dulce.Marden@gmail.com,doctor
784,Deirdre,Hoban,Deirdre.Hoban@yopmail.com,Deirdre.Hoban@gmail.com,worker
785,Janey,Ashely,Janey.Ashely@yopmail.com,Janey.Ashely@gmail.com,developer
786,Anallese,Wu,Anallese.Wu@yopmail.com,Anallese.Wu@gmail.com,worker
787,Darlleen,Euridice,Darlleen.Euridice@yopmail.com,Darlleen.Euridice@gmail.com,police officer
788,Rori,Paine,Rori.Paine@yopmail.com,Rori.Paine@gmail.com,worker
789,Britni,Susannah,Britni.Susannah@yopmail.com,Britni.Susannah@gmail.com,firefighter
790,Ketti,Clie,Ketti.Clie@yopmail.com,Ketti.Clie@gmail.com,developer
791,Carol-Jean,Dorothy,Carol-Jean.Dorothy@yopmail.com,Carol-Jean.Dorothy@gmail.com,worker
792,Maye,Flita,Maye.Flita@yopmail.com,Maye.Flita@gmail.com,firefighter
793,Frank,Braun,Frank.Braun@yopmail.com,Frank.Braun@gmail.com,police officer
794,Teddie,Cassius,Teddie.Cassius@yopmail.com,Teddie.Cassius@gmail.com,worker
795,Vonny,Adalbert,Vonny.Adalbert@yopmail.com,Vonny.Adalbert@gmail.com,doctor
796,Ellette,Podvin,Ellette.Podvin@yopmail.com,Ellette.Podvin@gmail.com,firefighter
797,Winifred,Ciro,Winifred.Ciro@yopmail.com,Winifred.Ciro@gmail.com,developer
798,Hildegaard,Pip,Hildegaard.Pip@yopmail.com,Hildegaard.Pip@gmail.com,police officer
799,Kalina,Means,Kalina.Means@yopmail.com,Kalina.Means@gmail.com,police officer
800,Yvonne,Clywd,Yvonne.Clywd@yopmail.com,Yvonne.Clywd@gmail.com,worker
801,Beatriz,Lemuela,Beatriz.Lemuela@yopmail.com,Beatriz.Lemuela@gmail.com,worker
802,Ottilie,Ader,Ottilie.Ader@yopmail.com,Ottilie.Ader@gmail.com,developer
803,Katuscha,Suk,Katuscha.Suk@yopmail.com,Katuscha.Suk@gmail.com,developer
804,Joeann,Morehouse,Joeann.Morehouse@yopmail.com,Joeann.Morehouse@gmail.com,doctor
805,Theodora,Madaih,Theodora.Madaih@yopmail.com,Theodora.Madaih@gmail.com,worker
806,Tierney,Iaverne,Tierney.Iaverne@yopmail.com,Tierney.Iaverne@gmail.com,firefighter
807,Linet,Alejoa,Linet.Alejoa@yopmail.com,Linet.Alejoa@gmail.com,developer
808,Felice,Lacombe,Felice.Lacombe@yopmail.com,Felice.Lacombe@gmail.com,police officer
809,Gretal,Melony,Gretal.Melony@yopmail.com,Gretal.Melony@gmail.com,worker
810,Dorene,Latini,Dorene.Latini@yopmail.com,Dorene.Latini@gmail.com,police officer
811,Valli,Dudley,Valli.Dudley@yopmail.com,Valli.Dudley@gmail.com,worker
812,Annaliese,Herrera,Annaliese.Herrera@yopmail.com,Annaliese.Herrera@gmail.com,worker
813,Mahalia,Katrine,Mahalia.Katrine@yopmail.com,Mahalia.Katrine@gmail.com,firefighter
814,Hildegaard,Shuler,Hildegaard.Shuler@yopmail.com,Hildegaard.Shuler@gmail.com,firefighter
815,Verla,Daveta,Verla.Daveta@yopmail.com,Verla.Daveta@gmail.com,worker
816,Damaris,Boehike,Damaris.Boehike@yopmail.com,Damaris.Boehike@gmail.com,worker
817,Madelle,Rona,Madelle.Rona@yopmail.com,Madelle.Rona@gmail.com,worker
818,Corene,Anis,Corene.Anis@yopmail.com,Corene.Anis@gmail.com,firefighter
819,Dianemarie,Laurianne,Dianemarie.Laurianne@yopmail.com,Dianemarie.Laurianne@gmail.com,firefighter
820,Basia,Malanie,Basia.Malanie@yopmail.com,Basia.Malanie@gmail.com,doctor
821,Larine,Yorick,Larine.Yorick@yopmail.com,Larine.Yorick@gmail.com,worker
822,Misha,Monk,Misha.Monk@yopmail.com,Misha.Monk@gmail.com,worker
823,Rosanne,Earlie,Rosanne.Earlie@yopmail.com,Rosanne.Earlie@gmail.com,doctor
824,Cam,Vivle,Cam.Vivle@yopmail.com,Cam.Vivle@gmail.com,police officer
825,Fayre,Seligman,Fayre.Seligman@yopmail.com,Fayre.Seligman@gmail.com,developer
826,Alisha,Himelman,Alisha.Himelman@yopmail.com,Alisha.Himelman@gmail.com,doctor
827,Vonny,Eben,Vonny.Eben@yopmail.com,Vonny.Eben@gmail.com,doctor
828,Clementine,Alejoa,Clementine.Alejoa@yopmail.com,Clementine.Alejoa@gmail.com,firefighter
829,Chere,Callista,Chere.Callista@yopmail.com,Chere.Callista@gmail.com,worker
830,Rori,Ciapas,Rori.Ciapas@yopmail.com,Rori.Ciapas@gmail.com,firefighter
831,Mary,Euridice,Mary.Euridice@yopmail.com,Mary.Euridice@gmail.com,worker
832,Amara,Ivens,Amara.Ivens@yopmail.com,Amara.Ivens@gmail.com,doctor
833,Henriette,Gahl,Henriette.Gahl@yopmail.com,Henriette.Gahl@gmail.com,doctor
834,Abbie,Deegan,Abbie.Deegan@yopmail.com,Abbie.Deegan@gmail.com,worker
835,Letizia,Sikorski,Letizia.Sikorski@yopmail.com,Letizia.Sikorski@gmail.com,doctor
836,Stevana,Khorma,Stevana.Khorma@yopmail.com,Stevana.Khorma@gmail.com,firefighter
837,Abbie,Gunn,Abbie.Gunn@yopmail.com,Abbie.Gunn@gmail.com,doctor
838,Celestyna,Anderea,Celestyna.Anderea@yopmail.com,Celestyna.Anderea@gmail.com,worker
839,Katuscha,Septima,Katuscha.Septima@yopmail.com,Katuscha.Septima@gmail.com,doctor
840,Mureil,Brandice,Mureil.Brandice@yopmail.com,Mureil.Brandice@gmail.com,developer
841,Dorthy,Corilla,Dorthy.Corilla@yopmail.com,Dorthy.Corilla@gmail.com,firefighter
842,Brooks,Terencio,Brooks.Terencio@yopmail.com,Brooks.Terencio@gmail.com,doctor
843,Brandise,Pierette,Brandise.Pierette@yopmail.com,Brandise.Pierette@gmail.com,police officer
844,Katuscha,Marijo,Katuscha.Marijo@yopmail.com,Katuscha.Marijo@gmail.com,worker
845,Kenna,Lory,Kenna.Lory@yopmail.com,Kenna.Lory@gmail.com,firefighter
846,Jordan,Bobbee,Jordan.Bobbee@yopmail.com,Jordan.Bobbee@gmail.com,developer
847,Xylina,Chauncey,Xylina.Chauncey@yopmail.com,Xylina.Chauncey@gmail.com,worker
848,Dede,Brodench,Dede.Brodench@yopmail.com,Dede.Brodench@gmail.com,worker
849,Doro,Rolf,Doro.Rolf@yopmail.com,Doro.Rolf@gmail.com,firefighter
850,Elyssa,Malanie,Elyssa.Malanie@yopmail.com,Elyssa.Malanie@gmail.com,doctor
851,Andree,Crudden,Andree.Crudden@yopmail.com,Andree.Crudden@gmail.com,doctor
852,Arlena,Ricki,Arlena.Ricki@yopmail.com,Arlena.Ricki@gmail.com,worker
853,Dari,Xerxes,Dari.Xerxes@yopmail.com,Dari.Xerxes@gmail.com,developer
854,Therine,Amethist,Therine.Amethist@yopmail.com,Therine.Amethist@gmail.com,police officer
855,Kary,Solitta,Kary.Solitta@yopmail.com,Kary.Solitta@gmail.com,police officer
856,Sheelagh,Arathorn,Sheelagh.Arathorn@yopmail.com,Sheelagh.Arathorn@gmail.com,developer
857,Jsandye,Letsou,Jsandye.Letsou@yopmail.com,Jsandye.Letsou@gmail.com,worker
858,Henriette,Alarise,Henriette.Alarise@yopmail.com,Henriette.Alarise@gmail.com,police officer
859,Roslyn,Bates,Roslyn.Bates@yopmail.com,Roslyn.Bates@gmail.com,doctor
860,Regina,Berard,Regina.Berard@yopmail.com,Regina.Berard@gmail.com,developer
861,Aili,Ellord,Aili.Ellord@yopmail.com,Aili.Ellord@gmail.com,doctor
862,Lacie,Teddman,Lacie.Teddman@yopmail.com,Lacie.Teddman@gmail.com,worker
863,Modestia,Sancho,Modestia.Sancho@yopmail.com,Modestia.Sancho@gmail.com,worker
864,Gertrud,August,Gertrud.August@yopmail.com,Gertrud.August@gmail.com,police officer
865,Gertrud,Rona,Gertrud.Rona@yopmail.com,Gertrud.Rona@gmail.com,worker
866,Ariela,Bennie,Ariela.Bennie@yopmail.com,Ariela.Bennie@gmail.com,firefighter
867,Gretal,Turne,Gretal.Turne@yopmail.com,Gretal.Turne@gmail.com,doctor
868,Fina,Ellerey,Fina.Ellerey@yopmail.com,Fina.Ellerey@gmail.com,worker
869,Lynde,Goth,Lynde.Goth@yopmail.com,Lynde.Goth@gmail.com,firefighter
870,Lucille,Frendel,Lucille.Frendel@yopmail.com,Lucille.Frendel@gmail.com,firefighter
871,Alie,Obed,Alie.Obed@yopmail.com,Alie.Obed@gmail.com,worker
872,Jere,Sisile,Jere.Sisile@yopmail.com,Jere.Sisile@gmail.com,doctor
873,Alyssa,Hertzfeld,Alyssa.Hertzfeld@yopmail.com,Alyssa.Hertzfeld@gmail.com,firefighter
874,Consuela,Lowry,Consuela.Lowry@yopmail.com,Consuela.Lowry@gmail.com,doctor
875,Roxane,Nisbet,Roxane.Nisbet@yopmail.com,Roxane.Nisbet@gmail.com,firefighter
876,Queenie,Boehike,Queenie.Boehike@yopmail.com,Queenie.Boehike@gmail.com,doctor
877,Mady,Olnee,Mady.Olnee@yopmail.com,Mady.Olnee@gmail.com,doctor
878,Kaia,Kravits,Kaia.Kravits@yopmail.com,Kaia.Kravits@gmail.com,developer
879,Bernie,Laverne,Bernie.Laverne@yopmail.com,Bernie.Laverne@gmail.com,police officer
880,Dawn,Francyne,Dawn.Francyne@yopmail.com,Dawn.Francyne@gmail.com,developer
881,Nariko,Thunell,Nariko.Thunell@yopmail.com,Nariko.Thunell@gmail.com,worker
882,Brana,Ackerley,Brana.Ackerley@yopmail.com,Brana.Ackerley@gmail.com,worker
883,Dania,Roarke,Dania.Roarke@yopmail.com,Dania.Roarke@gmail.com,developer
884,Dorthy,Merat,Dorthy.Merat@yopmail.com,Dorthy.Merat@gmail.com,worker
885,Minda,Hamil,Minda.Hamil@yopmail.com,Minda.Hamil@gmail.com,police officer
886,Dorene,Wattenberg,Dorene.Wattenberg@yopmail.com,Dorene.Wattenberg@gmail.com,firefighter
887,Jenda,Uund,Jenda.Uund@yopmail.com,Jenda.Uund@gmail.com,police officer
888,Dianemarie,Slifka,Dianemarie.Slifka@yopmail.com,Dianemarie.Slifka@gmail.com,firefighter
889,Consuela,Fillbert,Consuela.Fillbert@yopmail.com,Consuela.Fillbert@gmail.com,police officer
890,Paola,Cherianne,Paola.Cherianne@yopmail.com,Paola.Cherianne@gmail.com,doctor
891,Bobbi,Strephon,Bobbi.Strephon@yopmail.com,Bobbi.Strephon@gmail.com,worker
892,Frances,Uund,Frances.Uund@yopmail.com,Frances.Uund@gmail.com,doctor
893,Katharina,Sidonius,Katharina.Sidonius@yopmail.com,Katharina.Sidonius@gmail.com,developer
894,Leontine,Raama,Leontine.Raama@yopmail.com,Leontine.Raama@gmail.com,firefighter
895,Ileana,Love,Ileana.Love@yopmail.com,Ileana.Love@gmail.com,police officer
896,Lilith,Yate,Lilith.Yate@yopmail.com,Lilith.Yate@gmail.com,firefighter
897,Amalie,Baptlsta,Amalie.Baptlsta@yopmail.com,Amalie.Baptlsta@gmail.com,worker
898,Kary,Marcellus,Kary.Marcellus@yopmail.com,Kary.Marcellus@gmail.com,firefighter
899,Aurore,Gilmour,Aurore.Gilmour@yopmail.com,Aurore.Gilmour@gmail.com,developer
900,Ariela,Schwejda,Ariela.Schwejda@yopmail.com,Ariela.Schwejda@gmail.com,doctor
901,Di,Gamaliel,Di.Gamaliel@yopmail.com,Di.Gamaliel@gmail.com,developer
902,Rhoda,Ries,Rhoda.Ries@yopmail.com,Rhoda.Ries@gmail.com,doctor
903,Jsandye,Fontana,Jsandye.Fontana@yopmail.com,Jsandye.Fontana@gmail.com,firefighter
904,Cam,Arne,Cam.Arne@yopmail.com,Cam.Arne@gmail.com,developer
905,Chloris,Buffum,Chloris.Buffum@yopmail.com,Chloris.Buffum@gmail.com,police officer
906,Joane,Leifeste,Joane.Leifeste@yopmail.com,Joane.Leifeste@gmail.com,police officer
907,Althea,Henebry,Althea.Henebry@yopmail.com,Althea.Henebry@gmail.com,worker
908,Lily,Berriman,Lily.Berriman@yopmail.com,Lily.Berriman@gmail.com,doctor
909,Lauryn,Charity,Lauryn.Charity@yopmail.com,Lauryn.Charity@gmail.com,worker
910,Sonni,Weinreb,Sonni.Weinreb@yopmail.com,Sonni.Weinreb@gmail.com,firefighter
911,Alexine,Kevon,Alexine.Kevon@yopmail.com,Alexine.Kevon@gmail.com,worker
912,Tierney,Bigner,Tierney.Bigner@yopmail.com,Tierney.Bigner@gmail.com,firefighter
913,Juliane,Elsinore,Juliane.Elsinore@yopmail.com,Juliane.Elsinore@gmail.com,doctor
914,Molli,Maxi,Molli.Maxi@yopmail.com,Molli.Maxi@gmail.com,worker
915,Aurelie,Peti,Aurelie.Peti@yopmail.com,Aurelie.Peti@gmail.com,worker
916,Kaia,Kellby,Kaia.Kellby@yopmail.com,Kaia.Kellby@gmail.com,doctor
917,Jorry,Janith,Jorry.Janith@yopmail.com,Jorry.Janith@gmail.com,doctor
918,Kore,Thilda,Kore.Thilda@yopmail.com,Kore.Thilda@gmail.com,firefighter
919,Carolina,Colp,Carolina.Colp@yopmail.com,Carolina.Colp@gmail.com,worker
920,Fayre,Amadas,Fayre.Amadas@yopmail.com,Fayre.Amadas@gmail.com,developer
921,Stephanie,Eugenia,Stephanie.Eugenia@yopmail.com,Stephanie.Eugenia@gmail.com,doctor
922,Julieta,Milde,Julieta.Milde@yopmail.com,Julieta.Milde@gmail.com,developer
923,Raquela,Garrison,Raquela.Garrison@yopmail.com,Raquela.Garrison@gmail.com,doctor
924,Mireielle,Loleta,Mireielle.Loleta@yopmail.com,Mireielle.Loleta@gmail.com,worker
925,Maud,Hathaway,Maud.Hathaway@yopmail.com,Maud.Hathaway@gmail.com,doctor
926,Ann-Marie,Hoenack,Ann-Marie.Hoenack@yopmail.com,Ann-Marie.Hoenack@gmail.com,police officer
927,Stevana,Howlyn,Stevana.Howlyn@yopmail.com,Stevana.Howlyn@gmail.com,police officer
928,Sheree,Eckblad,Sheree.Eckblad@yopmail.com,Sheree.Eckblad@gmail.com,developer
929,Taffy,Gino,Taffy.Gino@yopmail.com,Taffy.Gino@gmail.com,worker
930,Damaris,Sisile,Damaris.Sisile@yopmail.com,Damaris.Sisile@gmail.com,police officer
931,Brianna,Lilybelle,Brianna.Lilybelle@yopmail.com,Brianna.Lilybelle@gmail.com,developer
932,Ericka,Tacye,Ericka.Tacye@yopmail.com,Ericka.Tacye@gmail.com,firefighter
933,Ricky,Kimmie,Ricky.Kimmie@yopmail.com,Ricky.Kimmie@gmail.com,firefighter
934,Heddie,Gualtiero,Heddie.Gualtiero@yopmail.com,Heddie.Gualtiero@gmail.com,worker
935,Chandra,Arne,Chandra.Arne@yopmail.com,Chandra.Arne@gmail.com,developer
936,Cam,Mendez,Cam.Mendez@yopmail.com,Cam.Mendez@gmail.com,doctor
937,Peri,Charity,Peri.Charity@yopmail.com,Peri.Charity@gmail.com,doctor
938,Latisha,Seagraves,Latisha.Seagraves@yopmail.com,Latisha.Seagraves@gmail.com,worker
939,Meg,Weaks,Meg.Weaks@yopmail.com,Meg.Weaks@gmail.com,doctor
940,Aurelie,Loeb,Aurelie.Loeb@yopmail.com,Aurelie.Loeb@gmail.com,firefighter
941,Pamella,Harl,Pamella.Harl@yopmail.com,Pamella.Harl@gmail.com,worker
942,Pollyanna,McLaughlin,Pollyanna.McLaughlin@yopmail.com,Pollyanna.McLaughlin@gmail.com,developer
943,Danika,Amethist,Danika.Amethist@yopmail.com,Danika.Amethist@gmail.com,worker
944,Teriann,Buckler,Teriann.Buckler@yopmail.com,Teriann.Buckler@gmail.com,police officer
945,Atlanta,Orlene,Atlanta.Orlene@yopmail.com,Atlanta.Orlene@gmail.com,worker
946,Brena,Minetta,Brena.Minetta@yopmail.com,Brena.Minetta@gmail.com,firefighter
947,Lusa,Tyson,Lusa.Tyson@yopmail.com,Lusa.Tyson@gmail.com,firefighter
948,Fredericka,Tillford,Fredericka.Tillford@yopmail.com,Fredericka.Tillford@gmail.com,firefighter
949,Karlee,Dominy,Karlee.Dominy@yopmail.com,Karlee.Dominy@gmail.com,worker
950,Maryellen,Dannye,Maryellen.Dannye@yopmail.com,Maryellen.Dannye@gmail.com,police officer
951,Annora,Chapland,Annora.Chapland@yopmail.com,Annora.Chapland@gmail.com,worker
952,Bernie,Emerson,Bernie.Emerson@yopmail.com,Bernie.Emerson@gmail.com,firefighter
953,Cassondra,Sophronia,Cassondra.Sophronia@yopmail.com,Cassondra.Sophronia@gmail.com,worker
954,Teriann,Docilla,Teriann.Docilla@yopmail.com,Teriann.Docilla@gmail.com,doctor
955,Concettina,Kristi,Concettina.Kristi@yopmail.com,Concettina.Kristi@gmail.com,developer
956,Ernesta,Malvino,Ernesta.Malvino@yopmail.com,Ernesta.Malvino@gmail.com,police officer
957,Felice,Mata,Felice.Mata@yopmail.com,Felice.Mata@gmail.com,firefighter
958,Benita,Lutero,Benita.Lutero@yopmail.com,Benita.Lutero@gmail.com,police officer
959,Gwenneth,Payson,Gwenneth.Payson@yopmail.com,Gwenneth.Payson@gmail.com,developer
960,Marika,Lanita,Marika.Lanita@yopmail.com,Marika.Lanita@gmail.com,worker
961,Shauna,Greyson,Shauna.Greyson@yopmail.com,Shauna.Greyson@gmail.com,developer
962,Emmey,Tyson,Emmey.Tyson@yopmail.com,Emmey.Tyson@gmail.com,police officer
963,Kellen,Rodmann,Kellen.Rodmann@yopmail.com,Kellen.Rodmann@gmail.com,police officer
964,Steffane,Kress,Steffane.Kress@yopmail.com,Steffane.Kress@gmail.com,firefighter
965,Wileen,Hathaway,Wileen.Hathaway@yopmail.com,Wileen.Hathaway@gmail.com,police officer
966,Beatriz,Christine,Beatriz.Christine@yopmail.com,Beatriz.Christine@gmail.com,firefighter
967,Tiffie,Bord,Tiffie.Bord@yopmail.com,Tiffie.Bord@gmail.com,developer
968,Kore,Romelda,Kore.Romelda@yopmail.com,Kore.Romelda@gmail.com,worker
969,Gabi,Barney,Gabi.Barney@yopmail.com,Gabi.Barney@gmail.com,developer
970,Marjie,Jefferey,Marjie.Jefferey@yopmail.com,Marjie.Jefferey@gmail.com,police officer
971,Edyth,Daniele,Edyth.Daniele@yopmail.com,Edyth.Daniele@gmail.com,developer
972,Blinni,Carmena,Blinni.Carmena@yopmail.com,Blinni.Carmena@gmail.com,firefighter
973,Gertrud,Read,Gertrud.Read@yopmail.com,Gertrud.Read@gmail.com,firefighter
974,Hyacinthe,Sherfield,Hyacinthe.Sherfield@yopmail.com,Hyacinthe.Sherfield@gmail.com,police officer
975,Constance,Hourigan,Constance.Hourigan@yopmail.com,Constance.Hourigan@gmail.com,worker
976,Tonia,Daegal,Tonia.Daegal@yopmail.com,Tonia.Daegal@gmail.com,doctor
977,Kittie,Docilla,Kittie.Docilla@yopmail.com,Kittie.Docilla@gmail.com,worker
978,Dorice,Olnee,Dorice.Olnee@yopmail.com,Dorice.Olnee@gmail.com,firefighter
979,Valeda,Faro,Valeda.Faro@yopmail.com,Valeda.Faro@gmail.com,developer
980,Roberta,Kylander,Roberta.Kylander@yopmail.com,Roberta.Kylander@gmail.com,doctor
981,Edyth,Maiah,Edyth.Maiah@yopmail.com,Edyth.Maiah@gmail.com,firefighter
982,Dorthy,Odell,Dorthy.Odell@yopmail.com,Dorthy.Odell@gmail.com,developer
983,Therine,Presber,Therine.Presber@yopmail.com,Therine.Presber@gmail.com,worker
984,Carlie,Linehan,Carlie.Linehan@yopmail.com,Carlie.Linehan@gmail.com,firefighter
985,Janey,Rozanna,Janey.Rozanna@yopmail.com,Janey.Rozanna@gmail.com,worker
986,Elka,Eiser,Elka.Eiser@yopmail.com,Elka.Eiser@gmail.com,worker
987,Antonietta,Margret,Antonietta.Margret@yopmail.com,Antonietta.Margret@gmail.com,firefighter
988,Addia,Thunell,Addia.Thunell@yopmail.com,Addia.Thunell@gmail.com,developer
989,Leanna,Virgin,Leanna.Virgin@yopmail.com,Leanna.Virgin@gmail.com,firefighter
990,Dorthy,Dudley,Dorthy.Dudley@yopmail.com,Dorthy.Dudley@gmail.com,doctor
991,Barbara,Ophelia,Barbara.Ophelia@yopmail.com,Barbara.Ophelia@gmail.com,worker
992,Jessamyn,Alejoa,Jessamyn.Alejoa@yopmail.com,Jessamyn.Alejoa@gmail.com,worker
993,Hallie,Pitt,Hallie.Pitt@yopmail.com,Hallie.Pitt@gmail.com,developer
994,Elka,Fairweather,Elka.Fairweather@yopmail.com,Elka.Fairweather@gmail.com,developer
995,Odessa,Grayce,Odessa.Grayce@yopmail.com,Odessa.Grayce@gmail.com,police officer
996,Donnie,Dorothy,Donnie.Dorothy@yopmail.com,Donnie.Dorothy@gmail.com,police officer
997,Annaliese,Garrison,Annaliese.Garrison@yopmail.com,Annaliese.Garrison@gmail.com,doctor
998,Reeba,Khorma,Reeba.Khorma@yopmail.com,Reeba.Khorma@gmail.com,worker
999,Mireielle,Jess,Mireielle.Jess@yopmail.com,Mireielle.Jess@gmail.com,developer
1000,Dorice,Bartlett,Dorice.Bartlett@yopmail.com,Dorice.Bartlett@gmail.com,firefighter
1001,Marline,Gerge,Marline.Gerge@yopmail.com,Marline.Gerge@gmail.com,doctor
1002,Ellette,Durware,Ellette.Durware@yopmail.com,Ellette.Durware@gmail.com,police officer
1003,Gisela,Jorgan,Gisela.Jorgan@yopmail.com,Gisela.Jorgan@gmail.com,police officer
1004,Minda,Jacobah,Minda.Jacobah@yopmail.com,Minda.Jacobah@gmail.com,doctor
1005,Gilligan,Yusuk,Gilligan.Yusuk@yopmail.com,Gilligan.Yusuk@gmail.com,worker
1006,Randa,Junie,Randa.Junie@yopmail.com,Randa.Junie@gmail.com,developer
1007,Ashlee,Orpah,Ashlee.Orpah@yopmail.com,Ashlee.Orpah@gmail.com,worker
1008,Alyssa,Torray,Alyssa.Torray@yopmail.com,Alyssa.Torray@gmail.com,police officer
1009,Olwen,Fairweather,Olwen.Fairweather@yopmail.com,Olwen.Fairweather@gmail.com,police officer
1010,Heddie,Hirsch,Heddie.Hirsch@yopmail.com,Heddie.Hirsch@gmail.com,developer
1011,Dominga,Forrer,Dominga.Forrer@yopmail.com,Dominga.Forrer@gmail.com,worker
1012,Arlena,Crudden,Arlena.Crudden@yopmail.com,Arlena.Crudden@gmail.com,worker
1013,Alisha,Cynar,Alisha.Cynar@yopmail.com,Alisha.Cynar@gmail.com,firefighter
1014,Beth,Vacuva,Beth.Vacuva@yopmail.com,Beth.Vacuva@gmail.com,developer
1015,Dacia,Mintz,Dacia.Mintz@yopmail.com,Dacia.Mintz@gmail.com,firefighter
1016,Mignon,Charmine,Mignon.Charmine@yopmail.com,Mignon.Charmine@gmail.com,developer
1017,Chloris,Larochelle,Chloris.Larochelle@yopmail.com,Chloris.Larochelle@gmail.com,police officer
1018,Adriana,Rebecka,Adriana.Rebecka@yopmail.com,Adriana.Rebecka@gmail.com,police officer
1019,Annaliese,Rogerio,Annaliese.Rogerio@yopmail.com,Annaliese.Rogerio@gmail.com,worker
1020,Vivia,Melony,Vivia.Melony@yopmail.com,Vivia.Melony@gmail.com,police officer
1021,Shaylyn,Ogren,Shaylyn.Ogren@yopmail.com,Shaylyn.Ogren@gmail.com,firefighter
1022,Sheelagh,Boycey,Sheelagh.Boycey@yopmail.com,Sheelagh.Boycey@gmail.com,firefighter
1023,Bettine,Wenoa,Bettine.Wenoa@yopmail.com,Bettine.Wenoa@gmail.com,developer
1024,Adriana,McClimans,Adriana.McClimans@yopmail.com,Adriana.McClimans@gmail.com,worker
1025,Constance,Septima,Constance.Septima@yopmail.com,Constance.Septima@gmail.com,firefighter
1026,Kirbee,Celestine,Kirbee.Celestine@yopmail.com,Kirbee.Celestine@gmail.com,police officer
1027,Ezmeralda,Argus,Ezmeralda.Argus@yopmail.com,Ezmeralda.Argus@gmail.com,worker
1028,Jessy,Cordi,Jessy.Cordi@yopmail.com,Jessy.Cordi@gmail.com,worker
1029,Tani,Henrie,Tani.Henrie@yopmail.com,Tani.Henrie@gmail.com,police officer
1030,Alex,Peonir,Alex.Peonir@yopmail.com,Alex.Peonir@gmail.com,firefighter
1031,Rosanne,Brodench,Rosanne.Brodench@yopmail.com,Rosanne.Brodench@gmail.com,worker
1032,Florencia,Robertson,Florencia.Robertson@yopmail.com,Florencia.Robertson@gmail.com,developer
1033,Oralee,Alarise,Oralee.Alarise@yopmail.com,Oralee.Alarise@gmail.com,developer
1034,Jean,Kravits,Jean.Kravits@yopmail.com,Jean.Kravits@gmail.com,developer
1035,Carol-Jean,Erminia,Carol-Jean.Erminia@yopmail.com,Carol-Jean.Erminia@gmail.com,firefighter
1036,Kristina,Eliathas,Kristina.Eliathas@yopmail.com,Kristina.Eliathas@gmail.com,police officer
1037,Dagmar,Nerita,Dagmar.Nerita@yopmail.com,Dagmar.Nerita@gmail.com,worker
1038,Consuela,Lucienne,Consuela.Lucienne@yopmail.com,Consuela.Lucienne@gmail.com,firefighter
1039,Nananne,Ferrell,Nananne.Ferrell@yopmail.com,Nananne.Ferrell@gmail.com,developer
1040,Lolita,Dannye,Lolita.Dannye@yopmail.com,Lolita.Dannye@gmail.com,firefighter
1041,Melanie,Robertson,Melanie.Robertson@yopmail.com,Melanie.Robertson@gmail.com,police officer
1042,Binny,Grobe,Binny.Grobe@yopmail.com,Binny.Grobe@gmail.com,doctor
1043,Demetris,Gahl,Demetris.Gahl@yopmail.com,Demetris.Gahl@gmail.com,worker
1044,Sarette,Larochelle,Sarette.Larochelle@yopmail.com,Sarette.Larochelle@gmail.com,developer
1045,Fawne,Sisile,Fawne.Sisile@yopmail.com,Fawne.Sisile@gmail.com,firefighter
1046,Adore,Stilwell,Adore.Stilwell@yopmail.com,Adore.Stilwell@gmail.com,developer
1047,Rosaline,Terencio,Rosaline.Terencio@yopmail.com,Rosaline.Terencio@gmail.com,worker
1048,Flory,Madox,Flory.Madox@yopmail.com,Flory.Madox@gmail.com,worker
1049,Betta,Calhoun,Betta.Calhoun@yopmail.com,Betta.Calhoun@gmail.com,doctor
1050,Anestassia,Sinegold,Anestassia.Sinegold@yopmail.com,Anestassia.Sinegold@gmail.com,firefighter
1051,Paola,Gino,Paola.Gino@yopmail.com,Paola.Gino@gmail.com,worker
1052,Vonny,Madelene,Vonny.Madelene@yopmail.com,Vonny.Madelene@gmail.com,developer
1053,Iseabal,Laverne,Iseabal.Laverne@yopmail.com,Iseabal.Laverne@gmail.com,firefighter
1054,Jenilee,Belanger,Jenilee.Belanger@yopmail.com,Jenilee.Belanger@gmail.com,police officer
1055,Marguerite,Weinreb,Marguerite.Weinreb@yopmail.com,Marguerite.Weinreb@gmail.com,developer
1056,Amii,Harned,Amii.Harned@yopmail.com,Amii.Harned@gmail.com,worker
1057,Olwen,Callista,Olwen.Callista@yopmail.com,Olwen.Callista@gmail.com,worker
1058,Tonia,Ardeha,Tonia.Ardeha@yopmail.com,Tonia.Ardeha@gmail.com,worker
1059,Sybille,Holtz,Sybille.Holtz@yopmail.com,Sybille.Holtz@gmail.com,police officer
1060,Ernesta,Sancho,Ernesta.Sancho@yopmail.com,Ernesta.Sancho@gmail.com,police officer
1061,Sharai,Claudine,Sharai.Claudine@yopmail.com,Sharai.Claudine@gmail.com,developer
1062,Mady,Raul,Mady.Raul@yopmail.com,Mady.Raul@gmail.com,developer
1063,Vonny,Wittie,Vonny.Wittie@yopmail.com,Vonny.Wittie@gmail.com,developer
1064,Fredericka,Ilka,Fredericka.Ilka@yopmail.com,Fredericka.Ilka@gmail.com,worker
1065,Kial,Valerio,Kial.Valerio@yopmail.com,Kial.Valerio@gmail.com,police officer
1066,Yolane,Danby,Yolane.Danby@yopmail.com,Yolane.Danby@gmail.com,police officer
1067,Sharai,Prober,Sharai.Prober@yopmail.com,Sharai.Prober@gmail.com,worker
1068,Kimmy,Mullane,Kimmy.Mullane@yopmail.com,Kimmy.Mullane@gmail.com,worker
1069,Adele,Nea,Adele.Nea@yopmail.com,Adele.Nea@gmail.com,doctor
1070,Roz,Deny,Roz.Deny@yopmail.com,Roz.Deny@gmail.com,worker
1071,Lilith,Raychel,Lilith.Raychel@yopmail.com,Lilith.Raychel@gmail.com,firefighter
1072,Maye,Malina,Maye.Malina@yopmail.com,Maye.Malina@gmail.com,doctor
1073,Kimberley,Garlinda,Kimberley.Garlinda@yopmail.com,Kimberley.Garlinda@gmail.com,firefighter
1074,Bobinette,Tayib,Bobinette.Tayib@yopmail.com,Bobinette.Tayib@gmail.com,firefighter
1075,Janeczka,Jerold,Janeczka.Jerold@yopmail.com,Janeczka.Jerold@gmail.com,police officer
1076,Kathy,Cloris,Kathy.Cloris@yopmail.com,Kathy.Cloris@gmail.com,police officer
1077,Helena,Clara,Helena.Clara@yopmail.com,Helena.Clara@gmail.com,firefighter
1078,Fayre,Shields,Fayre.Shields@yopmail.com,Fayre.Shields@gmail.com,doctor
1079,Merrie,Alarise,Merrie.Alarise@yopmail.com,Merrie.Alarise@gmail.com,police officer
1080,Sashenka,Lowry,Sashenka.Lowry@yopmail.com,Sashenka.Lowry@gmail.com,developer
1081,Xylina,Federica,Xylina.Federica@yopmail.com,Xylina.Federica@gmail.com,worker
1082,Jenilee,Roche,Jenilee.Roche@yopmail.com,Jenilee.Roche@gmail.com,doctor
1083,Jordan,Destinee,Jordan.Destinee@yopmail.com,Jordan.Destinee@gmail.com,worker
1084,Linet,Haymes,Linet.Haymes@yopmail.com,Linet.Haymes@gmail.com,doctor
1085,Daune,Damarra,Daune.Damarra@yopmail.com,Daune.Damarra@gmail.com,doctor
1086,Alameda,Alfons,Alameda.Alfons@yopmail.com,Alameda.Alfons@gmail.com,firefighter
1087,Jaime,Screens,Jaime.Screens@yopmail.com,Jaime.Screens@gmail.com,worker
1088,Myriam,Michella,Myriam.Michella@yopmail.com,Myriam.Michella@gmail.com,doctor
1089,Nadine,Teddman,Nadine.Teddman@yopmail.com,Nadine.Teddman@gmail.com,worker
1090,Riannon,Eben,Riannon.Eben@yopmail.com,Riannon.Eben@gmail.com,police officer
1091,Lynde,Fitzsimmons,Lynde.Fitzsimmons@yopmail.com,Lynde.Fitzsimmons@gmail.com,police officer
1092,Sarette,Louanna,Sarette.Louanna@yopmail.com,Sarette.Louanna@gmail.com,worker
1093,Jere,Leary,Jere.Leary@yopmail.com,Jere.Leary@gmail.com,developer
1094,Lesly,Raimondo,Lesly.Raimondo@yopmail.com,Lesly.Raimondo@gmail.com,doctor
1095,Ketti,Riva,Ketti.Riva@yopmail.com,Ketti.Riva@gmail.com,police officer
1096,Gwyneth,Cynar,Gwyneth.Cynar@yopmail.com,Gwyneth.Cynar@gmail.com,developer
1097,Stevana,Ummersen,Stevana.Ummersen@yopmail.com,Stevana.Ummersen@gmail.com,developer
1098,Sybille,Masao,Sybille.Masao@yopmail.com,Sybille.Masao@gmail.com,doctor
1099,Blake,Hurley,Blake.Hurley@yopmail.com,Blake.Hurley@gmail.com,police officer